10,10,0.001,100
1,31,56
3,45
5,14
10,20,84
12,54
14,74
15,84
16,62
20,20
21,14,90
23,20,39
25,14,74
26,43,84
30,62,90
31,43
32,62
34,20
36,39
37,74
40,43,74
41,39
42,39
44,20,62
45,84
46,20,74
48,84
52,9,14,20,54
53,14,43
54,54
55,14
56,14,20,43,74,90
57,20,62
58,74,84
59,62
60,54,90
61,9,20
62,9
63,9
64,43,62
65,39
66,9
67,14,74
68,43,84
69,39,54
70,43,74
72,39,54
73,9,14
75,62,84
76,9,14
78,20,90
79,9,74,90
80,74
82,90
83,9
85,84
87,74
89,14,74,90
92,43
93,20
95,9
96,54
98,90
100,20,62
101,39
102,62
103,62,90
104,54
105,39,62
108,54,62
111,20
113,14,74
114,43
116,9
117,14
118,9,90
120,9,39,84
121,9,39
122,9
123,84
124,9,90
125,62
126,62
127,14,74
131,43,90
133,14
134,39,62
135,43,74
137,39
139,20,43
141,90
142,62,90
143,62
144,84
145,14,39
146,39,90
147,14
149,20
150,54,62
151,20,62
152,62
153,54
156,62,90
158,14
160,14,39
162,9
163,9
164,9,39
165,39,43,62
166,20,39,74,90
167,9,43
169,20
170,74,90
171,54
173,84
175,20
176,43
177,14,74
179,43,54,84,90
181,9
185,43
187,54
189,20
193,20,62
195,14,39,90
196,14,39,54
200,39
202,59
203,43
204,54,74
205,74
206,43,84
207,84
211,43,74
212,43
213,14,62
215,14
217,39
218,9
220,54
223,74,84
224,20,39
226,39,90
231,14,20
232,20,39
234,39
237,14
238,20,39
239,74
240,20,39
241,20
245,14,20,90
247,14
252,14
256,14
257,9
258,20,43
260,14
261,14
262,43
263,14
264,39
265,14,39,84,90
268,14
269,84,90
270,54
271,43,74
272,39,43
273,54
275,9,14
276,39
277,90
278,9,74
279,54,74
280,84
281,54
283,39,62
285,9
286,14,20
287,62
288,43
289,9
292,20,62,74,90
293,9,62
294,62
295,14,43,74
297,90
298,9
299,54
302,9,54
303,14,20,74
304,39
305,20,43
306,43
307,9,43
308,62
310,20,54
314,39,62,74,84
316,90
317,20
318,20
319,9,20,84
320,43,62,84
323,14,39,74,90
324,9,39,62
325,43
326,43,62
327,14
328,9,43
329,62
330,62
331,9,43
333,84
334,14,43
335,43
336,14,74
339,14,43,55
340,43
343,43
346,39
348,20,39,43
349,39
352,90
353,43,62
354,84
355,14,54
359,9,14
360,74
363,62
364,62
365,14,84
367,74
368,39
369,9
370,39
371,62
372,43
373,39
374,54
375,14,74
379,14,43
380,9
381,39
383,84
385,20
387,43
388,43,90
389,74
391,14,39
392,43,54,74
394,14
396,20
397,62
398,90
399,9,14
400,39
401,54
402,20
403,43
404,9,62,90
405,62
406,20,39,43
407,9
410,20
414,14
415,54,74,90
417,74
418,43,90
421,62
422,39
423,20,43
424,9,20
426,9,39
427,14,43
428,9,62
429,62,84
431,9,20,62,84
432,74
433,39,62
434,9,14,43
438,9,62
439,14,20
440,9
442,20,54
443,90
444,14,62,84
445,54
447,14
449,20
450,54,90
451,90
452,14,90
454,14
456,54,74
457,39
459,43
460,20
461,43,54,84
462,84
464,62
465,20
466,74
467,20
468,84
469,84
470,9
471,20,54,90
472,39
473,20
474,43,54
475,14,43
476,39,54
477,90
478,20
479,20
483,39,74
484,54
487,9,14,43
489,74,84
490,90
494,39,54
495,9,54,90
496,39
497,74
498,74
499,14,62,90
500,9,43
504,43,54
507,14
509,54,82
511,82
515,6
516,54
517,90
518,90
519,26,43
521,54
524,54
525,76,90
527,54
528,14,38
531,26
532,14
533,6
534,82
535,26
536,26,38
539,14,76
540,26,82
541,26
542,14,54
543,26
544,90
545,26
547,6
550,82
551,54
552,90
554,6,90
556,14,43
558,67
559,38
561,82
562,6
563,26,54,76
564,6
565,90
566,6
567,38,54
570,14
571,26
572,6,14
573,6,26
575,14,67,90
576,43,76
578,14,82
580,26
582,76
583,26,38
585,54
586,82
587,14
592,38
593,82
594,14,82
595,14
596,14
598,38
599,90
602,26
603,6,67
605,38
606,14
607,26,82
608,67
610,14,26
616,38
619,82
620,14,38
621,38
623,43
624,76
628,43,90
629,43,76,90
630,90
631,38,82
632,43,90
635,14,26,67
636,38,43
637,14
641,43
642,38,76,82
643,82
645,6,14
646,76
647,14,43,67,90
648,14
649,26,82
650,90
653,43,54
658,38,54
659,14,54
662,67,76
664,90
665,14
667,6,54
669,43
672,54,76
673,14
674,76
675,76
676,6
677,38,67
678,6,38
679,26
680,6
683,43
684,76
687,26,67
689,38,67,76,90
690,14,38,82
691,38,54
693,82
694,26,67,90
697,26,67
700,6,67,82
704,26
710,38
713,6,26
714,43
715,67
718,82
721,38,54,76
723,26
725,76
727,76
728,67
730,43,54,82,90
731,42
732,6,26
733,14,67
734,14,94
735,38,43
736,90
739,14,43
741,14,82
743,43,54,67
745,43,90
746,76,90
747,26,90
750,76
751,54
752,26,90
753,43,82
754,38
755,90
760,67
762,76,82
767,6,38
768,26,54
770,6,26,67
771,6
772,14,90
773,38,76
774,6
775,6
776,14,67,76,90
777,38,76
778,43,90
779,14,54
780,26
782,6
783,43
784,90
786,90
787,14,67
788,26,90
789,67
790,54
791,26
792,26
793,6,82
795,82,90
796,26,54
800,82
801,26
802,6,76,82
803,26
804,54,90
805,67
806,6
808,26,54
811,82
812,6
814,38,82
816,26
817,38,54
818,38
819,38
820,38,82,90
821,14,54,82
822,6,14,90
823,6,43
825,76
826,38,76
827,29
828,6
829,54
830,14,38,76
831,82
832,82
833,54
834,26
836,6
839,43,67
840,26
841,43
842,54,67
844,57
848,90
852,14,82
854,6,38,76
855,38
856,82
858,26
859,14,90
860,26,54
861,6,43,82
862,26
864,54
866,43
867,14
868,76
869,26
870,6,67
873,43
875,6,38
878,43
879,38,67,76
880,14,76
883,14,26,38
886,38,43
889,26,82
891,54
892,26
894,76,90
895,90
896,76
899,43
902,38,67
904,6
905,90
908,43
910,82
911,43
913,26,38,90
915,43,48,76
919,38,76
923,54,76
925,6,54
926,67
927,67
928,38,76
929,14,54
930,67
933,38,43
935,26,38
937,26,43
941,6
942,26
943,34,38
944,82
945,6,38,43
946,6
947,82,90
948,76
949,14
950,82
951,76,82
952,54
953,26,82
954,90
956,90
957,6
959,43
960,6,82
961,43,82,90
962,38,76
965,14
967,26,54
968,14
969,90
970,67
973,14,54
974,43
975,26,82
976,43,54
977,14
979,43
980,90
981,76
982,38,43
983,67
985,43,67
986,14
988,38
989,6
991,26,82
992,14,54,76,82
993,67,76
994,14,43
995,38,67,82
996,67,76,90
999,67,82
1000,38,82
1001,76
1009,70
1011,43
1014,40
1018,2
1019,69
1021,12,74
1022,34,81
1023,40
1024,12
1025,81
1026,2
1029,2
1031,99
1032,74
1034,23
1035,99
1036,2
1040,34,69
1041,81
1042,69
1043,99
1047,2,23
1048,81,99
1049,74,99
1050,40,69
1051,40
1053,23
1055,81
1061,81
1064,99
1065,81
1067,81
1068,40,69
1069,57
1072,74
1073,81
1074,2,12,23,81
1075,2
1076,74
1079,69
1081,23
1086,74
1088,12,57
1091,40,57
1095,81
1098,12,69
1103,33,57,74
1104,2,99
1105,2,34
1107,34,74,81
1108,57
1109,12,23,69
1110,23,40,81
1114,69
1115,81,99
1117,23,69,99
1118,2
1119,34,74
1120,23
1121,34,81
1124,12,69
1129,23,57
1130,23,34
1132,34
1133,12
1135,57
1136,12
1138,57
1139,34,81
1141,57
1142,12,34,81,99
1143,12
1144,23,34
1146,2,23
1147,23
1149,40,99
1150,34,81,99
1152,69
1153,99
1154,12,69,99
1156,40
1157,2
1159,69
1160,74,99
1163,23,57
1165,2,12,23
1166,12,74
1167,12,99
1168,40
1171,12
1172,23,74
1173,2,57
1174,34
1175,23
1176,12,23
1177,12,34
1178,34
1179,12,81
1182,23
1183,81
1184,40
1186,40
1187,69,99
1188,81
1189,69
1191,81
1192,2,57
1193,57,81
1194,57
1195,2,76
1196,69
1199,40
1202,99
1203,2
1206,69
1208,81
1209,2,23
1210,74
1212,12
1213,74
1214,23,74
1215,2,23,99
1217,2
1218,57
1219,2
1220,12
1222,23
1226,34,81
1227,74
1229,69
1233,12,99
1235,40
1237,34,69
1238,34
1240,12,57
1242,34,69
1245,12,57
1246,34
1247,12
1250,40
1251,40,69
1253,74
1254,2
1255,74
1256,40,69
1257,57,81
1258,99
1259,69
1261,81,99
1262,23
1263,40,69
1265,23,99
1266,12
1269,69,81
1271,34,69,81
1273,23
1274,74,99
1275,34,69
1276,57
1278,57
1279,81
1284,74
1285,74
1286,23,69
1287,34
1288,2,81
1289,99
1291,34
1292,99
1293,57
1294,12,34,40,99
1298,99
1299,2,40
1301,99
1303,62
1304,2,34
1305,2,12,34
1307,23
1308,81,99
1309,2,99
1310,66
1311,34
1312,57,81,99
1315,23
1317,57,69,74
1318,40
1319,81
1321,2
1323,57
1324,34,40,99
1325,74
1327,57
1328,57,81
1330,2
1331,2,57
1332,12,40
1333,12
1334,99
1335,12,40,81
1338,23
1339,12
1340,2
1344,57,69
1347,69,74
1348,69
1350,40,69
1353,2
1354,69
1355,74
1356,81
1357,2,69,74
1359,2,34
1360,12,23
1362,69
1364,23,57
1366,2
1368,69
1369,40,74
1370,34,74
1371,23,40,57,69
1374,23,74,85
1375,57,74
1378,34
1380,74
1381,40,81
1384,12,23
1385,12
1386,2,40
1388,81
1390,12,34,40,74
1391,57
1394,69
1395,74
1397,23
1398,81
1399,74
1401,23,69
1402,34,36
1403,2
1405,57
1406,81
1408,2,12
1409,2,34,69
1411,57,74
1412,23,74,81
1413,12,40
1417,12,40,69
1418,74
1420,69,74
1421,74
1422,2,74
1424,23,40,99
1426,23
1427,34,69
1428,40,81
1430,81
1431,34,69,74
1432,40
1433,34,81
1435,69
1436,57
1437,34
1438,99
1440,99
1441,57,74,99
1442,2
1445,12
1446,69
1447,12
1449,99
1451,2,81
1453,74,99
1454,2,23
1455,23,99
1457,2,12,23,57,74
1458,69,74
1459,99
1460,23,57
1461,12,23,74
1462,81
1463,23
1465,74
1466,34,57
1467,74,81,99
1470,12,23,74,99
1471,2,81
1474,57
1477,74,99
1478,40
1481,12,40
1482,74,81
1483,34,99
1485,2,23,81
1486,34,69,81
1487,12
1488,23
1489,74
1491,2
1492,23
1493,12,81
1494,23,74
1495,23
1497,77,81
1498,2
1499,2,69
1505,81
1519,66
1520,93
1521,21
1523,4
1526,86
1527,45
1529,79
1530,4,27,93
1532,16
1533,4
1534,16
1535,4
1536,4,66
1537,32,79
1538,93
1539,66
1540,4,66,79
1541,16
1542,4,21,86,93
1543,50,93
1544,4,93
1546,45,66
1548,79
1551,66,79
1552,32
1553,50,79
1554,32,45
1555,50,86
1557,86
1558,21,45,93
1559,4
1562,4
1564,79
1566,21
1567,79,93
1569,66
1571,79,86
1573,79
1575,21
1576,66
1579,4,79
1580,66,79
1581,4,79
1582,32
1583,4,66,86
1584,79
1586,45
1589,79
1592,21,32
1593,16
1594,16,66,79
1595,21,86
1597,4
1598,4,32,86
1601,45
1602,21
1603,93
1604,66
1607,32,50
1608,50
1609,16
1611,4,93
1612,66
1613,21,86
1614,16
1615,32,45
1619,32,86
1620,4
1621,79
1623,16,45
1625,16
1627,21,79
1629,21,45
1631,66
1637,16
1639,45,86
1640,79
1641,16
1642,16,32
1644,86
1645,45,79
1646,32
1648,45
1649,66,93
1650,86
1652,16,66,86
1653,50,66,79,93
1654,45
1655,32
1656,79
1657,32
1658,21,50,66
1659,32
1661,4,32
1663,16
1670,16,21,79
1671,79
1672,86,93
1673,4,16,21,32
1674,32
1675,50
1676,16
1677,93
1678,4
1679,66,86,93
1681,79
1682,4,21,50
1683,4,21,93
1685,32,45,93
1686,66
1687,50
1690,86
1691,16
1692,4
1698,4
1699,86,93
1702,32,79,93
1705,86
1706,4,16,50
1707,86
1708,21,66
1710,21
1711,79
1713,16
1714,32
1716,50
1718,21,32,50
1719,45,66,74
1720,86
1721,21
1722,16,79
1723,86
1724,16,79
1725,50,66
1726,66,93
1727,86
1728,45
1730,79
1731,86
1733,93
1734,4,79
1735,16,45,86
1739,32,86
1740,16,66
1741,45,79,86
1742,79,93
1743,16
1744,21,86
1745,16
1746,32,50
1747,32,50
1751,32
1752,21,66,79
1753,66
1755,45,86
1756,50
1757,32,66
1759,16,86
1760,45
1762,66
1764,4
1766,45
1767,93
1768,79
1769,32,79,93
1770,66
1771,79
1772,4,66
1774,50
1775,66
1780,79
1781,32,50,66
1782,21
1783,93
1785,79
1787,21
1788,4,16,66
1789,16
1790,16
1791,45
1792,32
1793,4
1799,66
1802,4,66
1803,66
1804,79,93
1805,21,86
1806,45
1807,50,66
1808,16,79
1810,4,21,32
1811,4,45
1812,79
1813,79
1815,66,93
1816,21,86
1817,66
1818,66
1820,32,93
1821,20,32
1822,32
1823,50
1824,32,66
1825,21
1826,16
1829,4
1831,45
1832,86
1833,32
1834,21,50
1835,50
1836,16,66,86
1837,16,79
1838,21
1840,32
1845,4,16,32
1848,50,93
1849,66
1850,86
1852,32,79
1854,66,86
1855,4,32
1857,66
1858,50,93
1859,32,66,79,86
1860,86
1861,45,50
1863,45,50
1865,79
1869,21
1871,32,45,86
1872,86
1874,4,45
1875,86
1876,93
1877,86
1878,66
1879,16
1881,86,93
1883,86
1885,4
1886,50,79
1888,16
1894,16
1895,45,86
1898,4,79
1899,21
1900,21,50
1903,86
1905,93
1906,45,79,93
1907,21
1909,4,16
1910,45
1912,66
1913,50
1916,4
1917,16
1920,16,50
1923,45,66
1924,4,21
1926,32,45
1927,21
1931,4
1932,21,86
1933,32,79
1934,50
1935,21,32,66
1937,4,50
1940,16
1941,66
1944,93
1945,50
1948,21,32
1949,16
1950,16
1951,79,93
1953,21
1955,79
1957,50
1958,50,79,93
1961,79
1962,93
1963,66
1965,4,50,86
1966,66
1967,16
1968,21,79
1969,79
1970,25
1971,66,93
1972,21
1973,86
1974,45
1976,45,79
1977,4,86
1978,45,50
1979,4
1981,4
1982,86
1983,16,21
1984,21,50
1985,51
1986,16,32
1987,16,79
1988,4,45,86
1989,45,79
1991,32,45
1992,4
1994,21,66
1999,16,21
2001,21
2002,50
2008,45,50
2010,7
2013,74,86
2014,50,86
2015,50
2017,50
2018,67,86
2019,38
2025,7,45
2026,86
2029,26,86
2030,86
2032,7,74
2033,67
2035,94
2036,7,45
2037,45,67
2040,38,74
2042,15,45
2043,26
2044,50,86
2045,50,86,94
2046,45,50
2047,67
2050,45
2052,15,50
2054,67
2055,38,45,67
2056,50
2057,26,45,74
2058,94
2061,50
2062,94
2063,26,74,94
2065,74,94
2067,7,15,67,94
2068,15
2069,45
2070,50,74
2071,15,45
2073,26
2075,45
2080,50,74
2081,38
2082,74,86
2086,50,67
2088,26
2089,45,94
2091,74,86
2092,45
2093,74
2094,15,45,94
2095,94
2097,45
2098,7
2100,26,45,94
2101,7,94
2102,38
2103,15
2106,74
2110,74
2111,50
2112,94
2114,26,45,50
2116,67,74
2117,50
2118,86
2119,26,74
2120,74
2121,50
2123,45
2124,94
2126,74,86
2127,0,86
2130,28,38
2133,26,74,94
2134,15,26
2135,26
2136,26
2137,94
2138,45,94
2140,38
2142,45
2146,45
2148,50
2150,7,26
2152,94
2153,45,74,94
2155,38,67
2157,15
2159,38,45
2161,74
2164,26
2166,67
2168,94
2169,15,86
2172,94
2173,15,50,94
2174,26
2175,45
2176,15,67
2177,86
2179,15,67
2180,45
2183,7
2186,45
2187,15,94
2188,74,94
2189,26
2190,45
2191,26
2192,50
2193,15,67
2195,45
2196,26
2198,15
2199,45
2200,15
2201,7
2204,7
2205,50
2207,7,38,50
2209,45,86
2210,45
2211,7
2212,26,86
2214,15
2215,67,74
2217,86
2218,86
2219,50
2221,45,67
2223,7,86
2225,15,67
2226,26
2227,7,86
2228,7,38
2229,15,26,74
2230,38
2231,74
2233,7,94
2234,26,74,86
2235,15,50,67
2240,15
2245,26
2246,45
2249,7
2252,45,94
2254,94
2256,50,86
2257,94
2258,86
2260,7,26
2261,7,74
2262,15,38,45,74
2264,26
2266,26,67
2267,15
2269,15,38
2271,38,45
2272,50
2274,7
2276,26
2278,38
2279,26,50
2281,26
2282,26,94
2283,15,67,86
2285,50,74
2289,26
2290,67
2291,50
2292,86
2293,67
2294,67,74,86,94
2297,86
2298,74,94
2299,7,26,38,52
2300,38,45
2301,94
2302,50
2303,26
2306,26
2309,7
2310,15
2311,38,67
2312,74
2313,7,15,67
2314,45
2316,94
2318,86
2321,7,15
2322,67
2324,38,50
2327,7
2328,94
2329,38,45,50
2331,7,67
2332,67
2333,7,45
2334,86
2336,7,50,67
2338,50
2340,26
2342,38
2343,15,86
2344,26,45
2345,38
2348,15,50,86
2349,15
2350,15
2351,94
2352,7,86
2354,38,45,50,74
2355,7,94
2357,74
2358,26
2361,15,26,50
2362,67,94
2364,94
2367,15,86
2368,15,45,50
2371,7,45,74
2372,38
2374,15
2376,45,86
2377,38
2379,38
2381,50,86,94
2382,50,67
2383,94
2384,7
2385,26,38,74
2388,7
2389,74
2390,74
2392,50,74
2393,94
2395,38
2396,67,74
2397,74
2398,74
2402,26,86
2405,7
2406,26
2407,50
2408,74
2409,15,74
2411,15
2412,7,15,38,94
2415,86
2417,7
2418,7,74
2419,86
2421,7
2426,26
2427,26,38,45
2428,15,50,86
2429,45,74
2431,45
2432,94
2433,7,15,74
2434,7,26
2435,38
2438,67
2439,74,86
2440,15,38
2441,86
2442,45
2443,15,26,50,67
2444,45,74
2446,86
2450,38
2451,38
2452,26
2453,7
2454,7
2456,38,67
2458,94
2459,7,26
2460,15,45,94
2461,26,74
2462,7,50
2463,50,74
2464,38
2467,74
2468,7
2469,94
2470,86
2473,7,38,74
2474,38,45,94
2475,7
2476,38
2477,15
2478,15
2479,86
2480,7,67,74
2482,50,86
2483,26
2485,50,86
2486,74
2487,15,74
2488,15
2489,74,94
2491,15
2492,7,67,94
2493,45
2494,74
2495,15
2498,15,38,74
2500,26,57
2501,15,26
2517,26
2520,3,26,40
2521,26
2522,26
2524,26
2526,39
2528,39,82,91
2529,57
2530,66
2532,82,91
2535,6,39
2537,39,57
2543,73
2544,40
2545,12
2546,91
2547,6
2548,26,66,82
2550,12
2551,39
2552,57
2553,39,40,57
2554,6,66
2555,26,66
2557,12
2559,40,82,91
2560,40,66
2561,39,57
2562,26,91
2563,66
2564,39
2565,39
2566,26,39
2567,12,40,91
2569,66
2570,82
2571,6,39
2573,6,40,91
2574,66
2575,39,57,91
2576,57
2578,12
2579,82
2581,39,66
2582,39
2583,57,73
2585,26,57,82
2586,39,91
2587,40
2588,26
2592,6
2593,26
2595,82
2596,91
2597,39,73
2598,66
2600,66
2601,26,39,91
2602,12
2604,40
2606,6,66
2607,6
2609,26,91
2610,26
2612,12
2613,12,82
2615,66
2616,82
2617,12
2621,26
2622,57,66,91
2624,6,39,66
2626,57,91
2627,66,73
2628,66
2630,12,40
2633,12
2634,12,91
2635,57
2636,40,57
2638,73
2639,66
2642,82
2643,12
2646,12,57
2647,73
2648,82
2650,57,91
2651,39
2653,66
2656,39,73
2657,91
2660,57,66
2661,82
2662,57,82
2664,39,40,91
2665,6,12
2666,26
2667,39,82
2668,66,82
2669,6
2670,57,66,73
2672,39
2673,82
2676,39
2677,91
2678,66
2681,82
2683,57
2685,26,66,82
2686,39,73
2687,26,40
2689,26
2690,40
2693,12
2695,6
2696,82
2699,73
2701,6,39,73
2702,12
2703,82
2704,40
2706,57,66
2707,26,73
2708,91
2710,6,40,91
2711,40,66
2716,66
2721,73
2723,73,82
2724,73
2725,57,73
2726,12,26
2727,39,73
2728,40
2729,26
2731,39,40,66
2732,12
2733,91
2734,12
2738,12
2739,6,40,91
2740,6,12,26
2741,39,82
2742,40
2743,73
2744,6
2745,82
2748,39,82
2749,12
2750,12,39,91
2751,6,39
2752,73
2753,91
2755,66
2756,26
2757,26,82
2758,12
2760,26
2761,26,91
2762,40,91
2764,12,91
2766,26,82
2767,6,12
2769,91
2770,6,91
2772,6,90
2773,82,91
2776,91
2777,6,12
2780,57
2781,82
2783,66
2784,66
2786,39
2787,12,82
2788,39
2789,33
2790,6
2791,57
2792,12,40,57
2793,6,66
2794,66
2795,66
2796,66
2797,57,66
2798,39
2799,39
2801,66
2802,82
2803,39
2804,40
2805,57,91
2806,26
2809,73,82
2810,73,91
2811,91
2812,12,91
2813,73,82
2817,26
2819,12,91
2820,6,57,66
2821,26,66,73,82
2823,26,91
2825,26,40
2826,39
2828,57
2829,26,82
2830,91
2832,40
2833,12,66
2834,6
2835,57,91
2836,6,57
2838,39,91
2840,6,39
2842,66
2843,26,73
2844,6
2846,26
2847,6
2849,39,91
2850,6,57,91
2854,40,57
2855,6,66
2859,57,73
2860,66
2865,73
2866,6,57
2868,12
2869,26,39,73
2870,12
2871,40,91
2874,66
2877,39,40
2880,73
2881,82
2882,12,57,73,91
2883,66
2887,6,12,87
2888,66
2889,6,66
2890,40
2891,6
2892,12
2895,57,66
2896,66,82
2897,26,91
2898,6,39
2899,12
2900,39
2901,26
2902,82
2905,26,82
2906,12,40
2907,73
2913,12,57,66
2914,57
2915,73
2916,66
2917,66
2918,26
2919,39,57
2920,12,40,57
2922,39,66
2924,57
2925,6
2926,6
2927,12
2928,82
2931,73
2933,66,82,91
2934,26
2935,40
2938,6
2939,22,40
2941,82
2945,82
2946,66
2947,57,82
2948,66,82
2949,40,66
2952,91
2953,91
2955,6,39,40
2956,26,66
2957,91
2958,40,57
2960,39,40
2961,39
2963,57,66,82
2964,57
2966,26
2968,6,40
2970,6,39
2972,39,57
2973,6
2974,12,40
2976,66
2977,66
2978,12
2980,26
2983,91
2985,12
2986,82
2987,26,73,91
2989,82,91
2991,73,91
2992,39
2994,6
2995,12
2997,6
3000,82
3001,12
3003,12
3019,6
3021,6
3022,83
3024,6
3028,6,12
3030,48
3031,99
3032,83
3034,25,83
3035,25,59
3040,6,25
3041,6,72,99
3042,12
3043,59,72
3044,63
3045,72
3046,59
3047,72
3049,63
3050,25,31
3053,25,63
3054,25
3055,6
3058,48
3059,59
3060,31,59
3061,48,83
3062,48,59,63
3063,12,59,72
3064,83
3066,72
3067,72
3069,6
3070,31,63
3071,59
3072,6,83
3074,6,12,31,59
3075,31
3077,12,63
3078,12
3079,31
3080,63
3084,48
3085,99
3087,72
3088,99
3089,6,59
3090,25,83,99
3091,31,48
3092,48,72
3093,59
3096,48,72
3097,83
3098,83
3099,48,99
3100,12
3102,12
3104,72
3105,12
3109,6,63
3110,48
3111,59,99
3113,25,59,72
3115,48
3117,99
3118,12
3119,72
3120,31
3122,48
3123,31,48
3124,31,99
3125,83
3128,12,25,99
3130,99
3132,83
3134,31
3135,48,99
3136,31,48
3137,83
3138,6,99
3140,83
3141,59,83
3142,25
3148,6
3152,25,99
3153,6,31,59
3154,48,99
3155,99
3157,6
3159,83
3161,6,72
3162,6
3163,59
3164,6,59
3165,31
3166,59,83
3169,63
3172,59
3173,72,83
3174,83,99
3175,25,72
3176,31,83
3177,48,59
3178,48
3179,83
3181,59,63
3182,59
3183,59
3184,31
3187,59,83
3190,6,12,25,59,72,99
3191,59
3192,31
3195,25
3196,63,68,72
3197,31
3199,72,83
3200,99
3201,72
3202,12
3203,25
3204,25,72
3205,48,72
3206,63
3207,59,99
3208,12,63,72
3211,99
3212,59,99
3213,12,59
3214,31,48,83,99
3215,6,72,99
3216,63
3219,6
3221,6,31,48
3223,31,59,63
3224,12,59
3226,31,48
3228,99
3229,6
3231,59
3233,72
3234,31,83
3235,72
3237,48,63
3239,83
3243,25,99
3244,83,99
3245,12
3247,48
3248,12,72
3249,31
3250,72
3252,6
3253,48
3254,99
3256,31
3257,48
3258,12,59
3259,99
3261,72
3262,63,72,83
3263,6
3265,59
3266,6
3268,12
3269,6
3270,12
3272,48,63
3275,63
3276,25
3277,31
3279,25
3281,99
3283,25,99
3284,31
3285,25,99
3286,31,48,63
3289,31,72
3290,72,99
3291,48,72
3292,12
3293,48
3296,48,59,99
3297,12
3300,31,48
3301,72
3304,6
3305,31,83
3306,6
3307,12,99
3310,83
3311,12,31
3312,31
3313,25
3314,83,99
3315,6
3316,48,92
3317,12,99
3319,83
3320,72
3321,12,59
3322,25
3325,12,83
3326,12
3327,72
3328,12
3329,12,31,72,83
3330,12,25
3331,6,12,31,59
3332,72
3333,12,59,63
3337,59
3338,63
3339,25
3340,99
3342,25,59
3343,83
3345,99
3346,6,72
3347,25
3350,31,83
3351,99
3353,6
3355,48,53,99
3356,6,83
3357,83
3359,31
3360,72
3361,31
3362,59,63
3363,12,31,63
3364,31
3365,6,31,63
3366,83
3368,12,83
3369,59
3372,6,48,63
3373,31,99
3374,31,72
3379,99
3380,6,59
3383,6,48
3384,99
3385,12,25,31,59
3386,12
3387,57,83
3389,31
3390,12,25
3391,63,83
3392,6
3394,12,72
3396,72,99
3398,12,72
3400,25
3401,59
3403,6,63
3404,31
3405,12,31,72,99
3407,83,99
3408,12,48
3411,12,59
3415,31,99
3416,48
3419,59
3420,83
3421,63
3423,6,63,72,99
3424,25,72
3425,31
3426,48
3427,6
3428,48
3429,48,63
3430,25
3431,63,72
3435,83
3436,12,25,31,72,99
3437,6,12
3441,6
3442,31,59
3443,12
3444,31,83
3445,31
3446,6
3448,12,59,99
3449,12,31,72
3450,6
3451,6,31,99
3452,72
3453,25,31
3454,63
3455,6,25,83
3456,72
3459,63
3461,48,59
3462,31
3464,12
3465,72
3466,48
3467,48
3468,59
3469,6,59
3471,63
3473,25
3476,6
3477,99
3478,12,72
3479,83
3480,31,99
3481,25,48
3482,59,63,72
3483,31
3484,31
3486,25,63
3489,99
3491,12,72
3492,83
3494,99
3495,59,83
3497,6,25,72
3498,83
3499,63
3500,25,31
3502,6,72
3505,59
3507,5
3510,59,63
3517,49,59
3518,6
3519,6,39
3520,6
3524,63
3525,80
3526,59
3527,6
3532,63
3536,49,63
3538,6,98
3539,14
3540,6,14,21,49
3541,6,49,63
3543,21
3544,71
3545,71
3546,49,71,98
3547,59
3548,59
3550,21
3551,71,98
3552,21,49
3553,39,63,98
3556,49
3558,49
3559,49
3562,21
3564,14
3565,80
3567,49,63
3568,63
3570,59,63
3571,98
3572,14,39
3573,6,21,49
3574,39,80
3576,6,80
3577,39
3578,14
3579,21
3581,71
3582,21,39
3583,39
3585,39,63
3589,71
3590,80
3591,21
3593,21,39
3594,14,98
3595,14,21
3597,39
3598,98
3599,21,63
3602,14
3604,63
3605,6,71
3606,6
3610,98
3611,71
3612,59
3613,59,71,80
3615,49,59
3618,21,49,63
3623,49,59
3624,63
3625,63
3626,39,59
3627,14
3629,59,71,98
3630,63
3631,49
3632,21
3633,21
3634,14
3635,21
3636,80
3637,39,98
3638,71
3639,14
3640,14
3641,6,98
3643,98
3645,14,98
3647,6
3648,14
3649,6
3651,39,59,63
3652,63,71
3653,14,59,63,80
3654,98
3655,39
3656,6,71
3657,98
3658,49,59,63,71,80
3661,39
3662,6,98
3664,39
3666,14,39
3667,59
3670,80
3671,49,98
3673,6,49,98
3674,14,98
3675,21,98
3676,14,21
3680,63
3682,14,39
3683,98
3684,71
3685,14
3686,21,39,98
3690,71
3692,6
3693,39,49
3694,14,71,80
3695,14,39,71,98
3697,98
3698,80
3699,39,71
3700,21,98
3701,98
3702,63
3703,21,71
3704,71
3705,39
3709,59
3711,39
3713,21
3714,14,71
3715,59
3716,14
3717,80
3718,39
3719,39
3720,49
3721,6,49,80
3722,98
3724,39
3725,49
3726,98
3727,49
3729,71
3731,63
3732,21
3734,63,98
3736,14
3737,39
3738,14
3739,14,39,71
3740,39
3741,14
3742,98
3746,39,80
3747,6,49
3748,6
3751,14,21
3752,80
3753,6
3754,98
3755,59,71
3756,21
3757,59
3758,14,39
3759,14,80
3760,21,59
3762,21,39,71
3763,49,71
3764,59,63
3765,39,59
3766,63,98
3767,98
3768,49
3770,49
3773,59
3774,39,49
3775,59,71
3776,39,63
3777,63
3780,63
3783,6
3784,80
3785,71
3786,63
3787,63
3789,6,14,59,80
3790,80
3791,6,21,71
3792,49,98
3793,63
3794,6
3795,80
3796,63
3797,71
3798,98
3799,80,98
3800,14
3801,63,80
3806,80,98
3808,6,59
3810,21,59
3814,14
3815,39,71
3816,6,63
3817,39
3818,59,71
3822,49,71
3824,14,63
3825,21,63
3826,6
3829,98
3831,59
3834,39
3835,80
3836,49
3837,6
3839,39
3841,59,80
3842,14
3843,39
3845,14,21,71
3846,6,59,98
3847,63,98
3849,14,98
3853,71,80
3856,6
3857,59
3859,21
3860,21,63,71
3861,71
3863,39
3864,39,63,98
3866,39,63
3869,49
3870,71
3871,14
3872,39,49,63,71
3874,6
3879,59
3880,71,80,98
3881,6
3882,39
3883,71
3886,14
3887,71
3888,21,71
3889,63
3890,80
3891,21
3892,39
3893,21,59
3895,6,14,39
3896,14,49
3898,49
3900,21
3901,21,71
3902,80
3903,21,98
3906,49
3907,14,71
3908,6,49
3909,39
3911,14
3913,14
3914,6,49,71
3915,6,14,39
3916,6,21
3917,6,98
3918,71
3921,6
3923,98
3924,21
3925,6,39,49
3927,71
3928,59
3929,39,63
3930,71
3931,80
3932,6,49
3934,6
3938,49
3939,98
3940,98
3942,14,71
3943,14
3944,49
3945,71
3946,39
3947,98
3948,71,80
3952,59,71
3953,80
3955,98
3957,59
3961,6,63,71
3963,6,21,71
3964,14
3966,21
3969,71
3970,59
3971,39
3972,49,63
3976,59
3977,39,71
3978,39,63
3979,49,71
3980,21
3981,14,63
3982,14
3983,23
3984,21,80
3985,39
3987,49
3988,14,98
3989,39,63,80
3990,71
3991,49,63
3993,63,98
3994,6,35,98
3996,63
4000,59
4001,63
4012,77
4023,40
4025,38
4026,92
4030,84
4031,2
4032,16
4035,63
4037,2,20
4038,20
4039,63
4041,77
4042,92
4043,2,77
4046,18,92
4047,2,63,84
4049,16,40
4050,50,77
4054,20,50
4056,77
4060,50
4061,63
4064,2,20,38
4065,2,84
4066,20,84
4068,38,63,77
4070,63
4072,2,16,20
4073,77
4074,92
4075,38,50
4077,63,84
4078,84
4081,92
4082,38
4083,77
4084,40,92
4085,20,63
4086,77
4089,20,50
4090,20
4091,20,84
4092,38
4093,16
4094,2,50
4095,92
4096,20
4097,38,63
4098,77
4099,16
4100,20
4101,16
4103,50
4105,38
4107,20,63
4109,20,92
4110,63
4111,38
4113,38
4114,63
4115,20,92
4117,50
4120,63,92
4123,20
4124,16
4125,20
4126,2,40
4127,84
4128,16,38,77
4129,50,84
4131,20,40
4132,38
4133,40
4136,84
4138,16
4140,63
4141,20
4142,77
4144,20,84
4145,77
4146,16,50,92
4147,40
4148,20
4149,20
4150,50
4151,16,50,84,92
4152,38,77
4154,2,38
4155,50
4156,63
4157,77
4158,84
4159,16
4160,40
4161,1
4164,84
4165,38,50,92
4167,20
4168,38
4169,77,84
4170,63
4171,2
4172,2,38
4173,38
4175,20
4177,2
4178,16,20
4179,50
4180,77
4184,16,20
4186,50,84
4187,38
4191,16,20,84
4193,40
4194,20
4195,63
4198,38
4199,16
4201,92
4202,16,77
4203,38,92
4204,20
4206,77
4209,38,63,77
4210,16,40
4212,38
4213,38,40
4214,84
4215,20
4216,40
4218,84
4219,2,40,92
4220,38
4221,40
4223,2,38,84
4225,38
4226,92
4227,16
4229,50
4231,50,77
4232,69
4233,20
4234,2
4235,77
4236,16,77
4237,16
4238,50,84
4239,50
4240,2,40,63
4242,77
4243,40,63
4246,2,50
4247,77,92
4248,38
4249,77
4250,84
4251,16
4252,2,84,92
4253,63
4254,92
4256,20,63
4257,2
4258,77
4260,20
4261,2
4262,50
4264,38
4265,38
4266,38
4268,63
4269,92
4270,16
4271,77,92
4272,20,40,63,84
4273,20,50
4274,16
4276,20
4278,92
4280,38
4281,20
4282,63,77
4283,20
4285,16
4286,2
4287,63
4288,77
4291,16
4292,92
4293,20
4295,84
4296,50,77
4297,50
4298,92
4299,77
4301,40
4303,63
4304,38,77
4305,92
4306,20,77
4309,84,90
4310,20,63
4311,50,63,77
4313,16
4315,50,84
4316,20,92
4319,63
4320,84
4321,2,40,50
4323,20,63,84,92
4324,2,50,92
4325,40
4328,40
4329,63,84
4330,2,20
4331,50
4332,20,38
4334,20,38,50
4336,40
4338,2
4340,92
4341,84
4343,77
4344,16,50,84
4345,38
4346,77
4347,2,20,50
4349,92
4354,20,50
4356,16,92
4358,84
4363,40,63,84,92
4365,38
4366,50
4367,50
4368,16,20
4369,16,20
4370,2
4371,77
4372,77
4374,16
4375,2,40,84
4377,40
4379,20,38
4380,38
4381,2,77
4382,40,50
4383,50,77
4384,63
4385,2,63
4386,2
4387,63,77
4388,16
4391,2
4392,92
4394,40
4395,2,38,92
4397,40,50,77
4399,50
4401,2
4402,16,20
4404,63
4405,38
4406,50
4407,20
4408,63
4409,92
4412,20
4413,2
4415,50,84
4417,16,92
4420,63
4421,20,40,77,92
4423,16
4424,40,77
4425,40
4426,16
4427,40
4430,84
4432,92
4433,20,38
4434,20,38
4435,92
4437,50
4438,50
4440,20
4441,77
4443,20,50,63
4444,63
4445,63,92
4446,2
4450,20,63,92
4451,92
4452,77
4453,92
4454,77
4455,50
4456,40
4457,84,92
4458,2
4459,38
4460,20
4461,2,38
4462,92
4463,16
4466,63,84
4469,50
4470,38,63
4471,16,20
4472,92
4474,40,84,92
4481,2
4483,2
4484,16,20,50
4485,2,16
4486,20,40
4487,2,20
4490,50
4492,16,20
4493,50
4496,40,77
4497,84
4498,63,92
4500,77
4503,2
4508,44
4513,93
4514,2
4517,86
4519,33
4520,44
4522,33
4523,12,21,58
4524,58,86
4525,93
4526,93
4527,2,21
4528,21,75
4532,62
4534,2,44
4535,2,12
4537,93
4538,75
4539,12,75
4540,21
4542,58
4543,62,75
4544,75
4545,2,33,58
4546,2
4547,93
4549,93
4550,33,44
4551,21,58
4553,2,75
4556,21,93
4557,93
4561,44,62,88,93
4562,33,58
4563,2,12,62,93
4566,33
4567,62
4568,44,62
4570,2
4573,2,44
4574,33,44
4577,21,58,75,93
4578,58
4580,33,58
4582,2
4584,33,44
4585,2,58
4586,33
4589,44,62,86
4590,12
4591,62
4592,33,93
4593,12,62
4598,2
4600,44
4601,21
4602,2,44
4605,58,93
4606,44
4608,58
4609,44,93
4610,93
4612,21
4613,2,44
4614,93
4615,75
4616,44,62,75
4617,21
4618,2,58
4619,2
4620,2
4621,44,58
4622,86,93
4626,2
4627,58
4628,2,93
4629,33,62
4634,86
4635,2,33,44
4636,49
4638,33,75
4639,12,86,93
4640,58,93
4641,75,93
4642,2,58
4643,2
4645,2
4646,58
4649,2,86
4651,12,62
4652,2,86
4653,58,75,86
4654,2
4655,44
4656,75
4657,2,33
4659,93
4660,62
4662,93
4663,21,33
4666,12,21,62
4667,2,62,86
4668,58
4670,21,33
4671,75
4672,93
4673,44
4674,86
4677,33
4679,2
4680,86
4681,2
4683,33
4684,58,62,86
4688,33
4689,62
4690,93
4692,33
4696,44
4697,12
4698,33,44,58
4700,44
4703,21
4705,62
4706,2,33,62,93
4708,62
4714,93
4715,12,47
4717,93
4718,21,58
4719,2
4720,62
4722,62
4723,12
4724,44
4725,58
4726,62
4728,75
4729,62
4731,62
4732,44
4733,58,62
4734,58
4735,2,75
4736,2,33,75
4738,12,21,75
4740,86,93
4741,44
4742,2,12,75
4743,44,58,93
4746,2,93
4747,2
4748,44
4749,33
4750,44,75
4751,86
4753,44
4754,2,33
4756,58
4757,21
4758,2
4759,62
4760,33,44
4761,62
4762,33
4763,75
4764,2,58
4767,75,86
4768,44
4769,33,75
4770,44,86
4771,2
4772,2,21,33
4773,86
4774,12
4775,62
4777,93
4778,21
4780,75,93
4785,93
4786,33,93
4787,86
4788,62
4791,33,58
4792,33,86,93
4794,12,44
4795,44,58,75,86
4796,12
4797,33
4798,21
4799,21,75
4800,93
4801,44,86
4802,2
4803,21
4806,33,58,75
4808,44
4810,33,44
4811,44
4812,58
4813,21,86
4818,21,33,44,86
4820,62
4822,86
4823,12
4824,62
4825,21,62,75
4826,75
4827,58
4829,12,75
4830,93
4831,44,58,86
4833,33
4834,86
4837,12,58
4838,44,75,86
4840,33
4841,58
4842,2,33,58
4843,21,44,93
4844,2,12,33,75,86
4845,2
4846,62
4847,44
4849,86
4850,44
4851,62
4852,58
4853,86
4854,58,75
4855,2
4856,33
4859,2,33
4860,12,21
4862,2
4863,75
4864,21
4865,21
4866,75,93
4867,44,62
4869,21
4872,21
4873,93
4874,86
4875,10
4877,2
4878,2
4879,44
4881,93
4882,93
4883,12
4884,44
4886,2
4887,62
4888,12
4889,75
4892,44
4895,33
4896,2,33
4897,12
4900,58
4901,21,44
4902,75
4903,21
4907,75
4908,12,44,86
4910,93
4911,44,75,93
4915,93
4916,93
4917,33
4919,93
4920,58
4921,62
4922,12
4923,86
4924,58,93
4925,44
4926,33
4927,93
4931,86
4932,2
4934,2
4935,21,62,86
4936,93
4938,2,86
4941,33
4944,2,86
4945,33,86
4946,12,44
4947,33,62
4949,62
4950,44,86
4952,33,86
4953,12,33,58
4955,58,75
4956,62
4957,86
4958,58,75
4959,93
4960,2,58
4961,44
4967,58
4971,12,44
4972,21
4973,21,33
4975,2,12,58,93
4976,86
4977,86
4980,21,93
4981,52,62
4985,21,58
4987,62
4988,86
4989,2
4990,12,62
4991,12
4992,75
4993,21,75
4994,33
4995,44
4997,33,62
5000,33,93
5001,86,93
5002,58
5004,21
5005,93
5007,93
5010,62
5014,9
5015,62
5017,43,62
5024,62
5025,43
5029,10
5032,54,93
5033,84
5034,39
5035,62
5036,93
5041,9
5042,9
5045,9,74
5046,62
5048,14
5050,14,62
5052,39,43
5054,39,84
5056,93
5057,54
5058,9,93
5060,39
5062,93
5066,14
5067,9,54
5068,43
5070,20,39,84
5071,43
5075,20,74
5076,74
5077,9
5078,39
5079,20,54
5080,62
5081,43,93
5084,54,93
5085,62
5086,39
5087,20,90
5088,43,90
5089,54
5092,9
5093,43,54
5094,84
5095,43
5096,54
5098,9,20,84
5099,39
5101,54,62
5102,14,90
5103,9
5104,54
5105,14
5107,62
5108,74
5111,74
5113,43,74,90
5114,84
5115,39
5116,14
5118,20,39,54
5120,9
5121,54,84
5122,54,90
5124,14,20
5126,39,54
5127,14,20
5128,90
5129,90
5130,62
5131,90
5133,54
5135,39,74
5136,62
5137,20,54
5140,14,39,74
5142,39,43,90
5144,54
5146,84,90
5147,74
5148,20,54
5149,9,39,62
5150,43,62
5151,39
5153,9,39
5155,90
5156,74
5157,14,54,90
5158,90
5159,20
5160,74
5162,74
5163,84
5165,74
5167,14,90
5169,43
5171,62,84
5173,9
5175,39,74
5176,54
5177,54
5180,54
5181,14
5182,43
5187,43,84
5188,43,84
5189,54
5190,74
5192,39
5193,39
5194,43,90
5197,84,90
5199,14
5200,84
5201,74
5202,84
5203,14,39,54,62
5204,54
5207,54
5208,20,62
5210,14
5211,43
5212,54
5213,9,14
5214,9,43
5215,9,39
5216,84
5217,9
5218,43
5219,39
5220,74
5221,14
5224,43
5225,62
5226,20,84
5227,74
5228,39
5230,54,74
5233,9
5234,20,54
5235,90
5236,20
5237,90
5238,62
5239,14
5240,90
5241,84
5242,39,74
5244,43,62
5245,90
5247,39,84
5249,43
5251,9,84
5253,62
5257,74
5258,74,90
5260,90
5262,90
5265,9,43
5266,84
5267,43
5270,43,74,90
5271,9,74
5272,14,20
5273,74
5275,90
5276,43,62,74
5280,14,43
5281,39,43
5283,54
5284,9,43,74
5288,14
5289,74
5293,31,84,90
5294,54
5295,62
5296,84
5301,9,84
5302,84,90
5303,9
5304,14,43,74
5305,39,84
5307,9,54,62,84
5308,62,90
5310,62,74
5311,43
5312,84
5313,74
5314,39
5315,43
5316,62
5318,9,39,90
5319,20
5322,43,54,84
5323,14
5325,39,54,84
5326,62
5327,90
5328,20,39
5329,43,54
5330,14,90
5331,39,62
5332,39,90
5334,39,43,90
5336,9
5337,74,84
5338,43
5339,14,74
5340,90
5341,54
5343,39,43,54
5346,9
5347,43
5348,39
5349,14
5350,54,90
5351,43
5352,20,84
5353,39
5354,20
5355,54
5357,9
5359,9,54
5361,14,74,84
5362,20,90
5363,9,43,74,90
5364,20,39,74
5365,39
5367,74,90
5368,43,54,84
5370,74
5371,39
5372,43,90
5375,39
5376,20,43
5377,20,62
5378,54
5379,39
5381,14,54
5382,9,74
5383,84
5384,39,84
5385,62
5386,9
5388,20,39,90
5389,9
5390,90
5391,20,90
5392,54,62
5394,14,54,62,90
5396,54,84
5397,43
5398,14,54
5399,39,43
5400,9,20,43
5401,39
5402,84
5403,62,90
5404,9
5405,20,43
5406,62
5407,9,54
5409,54,84
5410,62,84
5411,54,90
5412,54
5417,20
5418,20
5419,39,62,90
5422,9
5423,14
5425,74
5427,39,62
5428,54,74
5430,43
5431,20,39,62
5432,9,14,74
5433,9,20
5434,9,14,62
5435,54
5436,14,74
5437,14
5439,54
5441,62
5443,84
5444,90
5445,74,90
5447,39
5448,39,54
5449,14
5450,14
5452,74
5453,14,84
5454,40
5455,54
5456,20,90
5459,39
5460,84
5461,9,14,62
5462,20,54
5464,90
5466,74
5467,20,74,90
5468,20,43,54
5472,14
5473,74
5475,14,20,43,74
5476,62
5477,14
5478,74
5479,9
5481,43,84
5483,9
5484,14,84
5485,90
5487,62
5488,20
5490,84,90
5491,14,20,43
5492,43
5495,62
5496,20
5497,9,39
5498,43,54
5500,43,54,74
5501,54,90
5503,20,43
5504,90
5507,14
5508,43
5509,14
5510,90
5512,14,82
5513,14
5514,54
5515,43
5519,54
5520,54
5521,26
5522,14
5524,38
5528,82
5532,14,26,38
5533,43,54
5537,6
5538,38,54
5540,76
5541,6
5544,6
5545,43,82
5546,43,67
5548,14
5549,43
5550,54
5551,6,67
5552,82
5553,76
5555,82
5557,6,14,26
5558,82
5559,38
5562,82
5564,26
5568,67
5570,14,90
5571,67
5575,82
5576,38
5578,67
5579,14,54
5580,43
5581,38,67
5582,76
5583,38,54
5584,43,82
5586,76
5587,90
5589,26,54
5590,38
5591,26,43
5592,43
5596,54
5598,6,82
5599,14
5600,82
5601,14,54,90
5603,6,82,90
5604,38
5607,90
5608,14
5610,43
5611,38
5612,14,82
5615,26
5619,6,67,82
5621,38
5623,82
5625,14
5626,82,90
5628,90
5630,6,90
5631,38
5632,38,90
5633,54
5636,14,54
5638,14,90
5640,26
5641,6
5644,54
5645,6
5647,38
5648,26
5649,14,38
5650,43,67
5652,67,76
5653,26,82
5654,67
5656,43
5658,38
5659,6
5662,6,26,76
5664,67
5666,6
5667,76
5668,14,82
5669,54
5671,67
5672,14,54
5673,6,38,76
5674,14
5675,43,67
5677,38,54,90
5678,43
5679,6,90
5680,38,82
5683,38,76
5684,6
5685,38,43
5686,6
5687,43,82
5688,26
5689,26,38,76
5692,14
5693,43,67
5694,14,82
5697,38,67,76
5698,14
5699,76
5700,54
5701,14
5702,67
5704,26,82
5705,76
5706,26
5709,26,67
5710,82
5711,43,67,90
5712,76
5713,43
5714,54,67
5715,82
5716,6
5717,76
5718,43
5719,6
5720,43
5721,82,90
5723,67
5726,76
5727,6
5728,54
5729,54,82
5730,38
5731,14
5732,67,90
5733,6
5734,54
5735,90
5737,6,76,82
5739,6,14
5741,54,90
5742,38
5744,38
5745,14,54,67
5746,14
5748,67,82
5749,26,82
5750,54,90
5752,38
5753,43
5754,54
5755,54
5756,6,38
5758,76,82
5759,43,67
5760,82
5761,82
5762,67
5763,90
5764,76
5765,6,67,90
5767,6,90
5768,76,90
5769,38,90
5770,90
5771,14,82
5772,6,26,54
5774,43
5775,14
5776,14,67,90
5780,38
5781,26
5782,38
5784,76
5785,43,67,82
5786,26
5787,90
5788,54,67
5789,6,67
5792,14,26
5793,67
5794,6
5795,6,14
5796,54
5797,43
5798,38,82
5799,54
5800,43
5801,82,90
5802,82
5803,38
5805,54
5807,54
5808,90
5809,67
5810,54
5811,54
5812,6,14,67
5813,6
5814,67
5815,6
5817,26,82,90
5819,38,76,82,90
5820,6
5821,6
5822,14,43
5823,76
5825,6,67
5826,82
5828,6
5829,38,90
5830,82
5831,90
5835,38
5837,43
5838,76
5839,6
5842,67
5843,90
5845,54,82
5847,54
5848,14,54
5849,26
5850,14
5851,26,67
5852,76
5854,43,67
5855,43
5856,6
5858,76
5859,26,67
5860,6,26,90
5861,6,14
5862,26,38,43
5863,38,82,90
5864,6,26,67
5866,76
5868,14,67
5869,6
5870,14
5871,67,82
5874,76
5876,76,82
5877,6,14,54,82,90
5881,67,82
5882,67,90
5887,67,82
5888,90
5889,67,90
5890,6,90
5891,67
5892,6
5895,26
5896,38
5897,6,26
5898,54
5899,26,54,90
5901,26,67
5902,43
5903,26
5904,38
5905,29
5906,67
5908,6,26
5910,14
5911,43
5912,26,38
5913,90
5914,14,82
5915,43,67,90
5916,90
5917,90
5918,26,38,67,82
5920,54
5921,43
5923,67
5925,82
5926,54
5929,26,38
5930,6
5931,82,90
5932,67
5933,43,76,90
5934,26
5936,38
5937,43,82,90
5938,54,76
5939,82
5941,6,54
5943,43
5946,38
5947,6
5949,90
5950,26,76
5951,67
5952,82,90
5954,76,90
5955,14,38
5957,76
5958,14,54
5959,14,54,67
5961,67
5962,43,54
5963,6,82
5965,38
5966,6
5967,26,38
5968,6,38
5969,26,76,82
5970,43,90
5971,67,76
5972,6
5973,14,26
5974,43,90
5977,90
5978,26
5983,6,43,67
5984,90
5985,54,76
5986,67
5987,67
5989,67
5990,76
5993,90
5994,38
5995,6
5996,54
5997,90
5998,54
5999,26,54
6000,76
6004,26
6006,90
6007,14
6014,81
6016,90
6020,74,90
6023,2,81
6024,90
6025,69
6028,33
6030,81
6033,40
6036,12
6038,12,90
6039,74
6041,69,81,90
6043,2,23
6044,23
6045,23,34,90
6046,12
6047,34
6048,34
6049,12
6050,40
6051,40
6052,57
6054,69
6055,12,34,90
6059,23,90
6060,40
6061,74
6062,34,57
6064,34
6065,90
6067,34
6068,57
6070,57
6075,69
6077,90
6078,74
6080,2
6081,23
6082,57,90
6084,90
6086,2
6088,12,57,69,74
6089,34,74
6090,12
6091,57
6095,23
6097,12,74
6098,74
6100,34
6101,2,81
6102,23,57
6105,34
6106,99
6107,74,81
6108,12
6110,57
6113,2
6114,74
6115,81
6116,23
6117,2
6120,99
6122,40
6123,81
6125,23
6126,23
6127,40
6129,23,99
6130,34
6131,34,69
6132,2,74
6133,69,81
6134,23,69
6135,23,81
6136,40,57,69,81
6138,23
6140,40,69,74,99
6141,23,40
6142,2
6143,23
6144,34,74,81
6145,81
6147,81
6148,34,81
6152,2,81
6153,99
6154,12
6155,69
6156,34,81
6157,40,74,99
6158,2
6164,2
6165,12,69,99
6166,23
6167,99
6169,2,74
6171,57
6172,12,40,81,99
6174,43,99
6177,23,40,69,74
6178,34
6179,34
6183,81
6184,34,69
6185,69,81,99
6186,23
6187,81
6188,23
6189,40
6190,12
6193,99
6194,34,69
6196,74
6197,69
6199,12,82
6200,57,74
6201,12
6202,12
6203,2,40,57
6205,2,99
6206,12,99
6209,40,99
6210,23
6211,99
6212,34
6213,34,74,81
6217,74
6218,57,69,81
6219,40
6220,2,40
6221,40
6223,23,34,74
6226,34
6227,12
6228,2,34,57
6233,34
6234,12,34,74
6236,23
6237,81
6238,57
6239,69
6241,23,40
6242,12,23,69
6243,74
6245,81
6248,74
6249,57
6250,69
6251,99
6253,40
6254,99
6256,40,69,99
6257,23,34
6258,2
6260,12
6263,34
6264,74
6265,12
6266,40,81
6267,2,12,40
6268,23,40,69
6269,57
6271,69
6272,23,69
6273,12
6274,34,81,99
6276,12,23,34,40
6277,81
6280,69,99
6282,57
6284,12
6285,23,34
6290,40
6291,69
6292,74
6295,74,99
6298,12
6300,2,23,57
6301,2,74
6302,69
6304,57,81,99
6307,74
6308,99
6312,2,12,81
6313,34
6314,2,74,81
6315,40,69
6318,12
6319,12,99
6321,40,81
6324,69
6326,99
6327,12
6328,99
6329,81,99
6331,40
6332,34
6334,57
6335,74
6338,74
6339,12
6341,57
6343,23,57
6346,74
6348,12
6349,81
6350,74,81
6351,69,74
6352,99
6354,69
6355,40,69
6356,74
6357,23
6359,74
6360,34
6361,12,34
6362,12,23
6363,23
6364,34
6365,2
6367,12
6368,69
6369,34,57
6370,74
6371,12
6372,57
6374,74,99
6376,57
6377,2
6378,23,74
6379,2,99
6382,34
6384,2
6385,23,34
6386,34
6387,23
6388,40,57
6389,2,12,99
6390,23,40
6391,69,74,99
6392,12
6393,57
6395,23
6397,12,23
6401,2
6402,12
6407,23
6408,81
6409,69,74,81
6410,34
6411,23
6412,23
6413,12,23
6414,12,74
6416,40
6418,23,40
6419,34,40,74
6421,34,40
6422,12
6423,25
6424,40
6425,12,69
6427,69
6428,99
6429,12,69
6430,40,99
6433,23,57
6434,34,69
6436,12,57
6437,34
6438,74
6439,81,99
6440,23
6441,2,40
6443,12
6444,81
6445,12,74,99
6446,69,81
6447,69,74
6448,2,74
6451,40,69
6453,57
6454,12,74
6455,23
6456,23
6458,81
6460,12
6463,2
6468,40,57
6471,74
6472,81
6474,12,99
6478,2
6479,2
6480,40
6481,23,57
6482,23,34,69,74
6485,2,12
6486,57
6488,12,57,74
6489,81,99
6490,57
6491,34,99
6492,81
6493,81,99
6495,69
6496,34,40
6498,57
6501,74
6506,69
6509,99
6510,99
6512,99
6521,4
6522,45,79
6523,4
6527,45
6530,50
6533,86
6534,21
6535,86
6537,50,79
6541,79
6545,79
6546,99
6548,32
6549,99
6551,4,86
6552,45
6554,50,66
6557,86
6558,16,45,50
6560,99
6561,45,86,99
6562,4,32,41
6563,99
6565,4,16,32
6568,16,45,79
6569,45,50
6572,99
6573,21
6574,32,50,66,93
6575,86
6576,32
6578,32,50,66
6580,16
6581,32
6582,45,93
6584,50
6585,86
6586,79
6588,21
6589,4
6590,86
6593,50
6594,16,93
6596,4
6598,79,93
6600,79
6601,79
6605,66
6608,4,66
6609,93
6610,32
6611,45,93
6613,4,50
6615,50,86
6618,79
6619,4
6620,66
6621,79
6624,66
6625,45
6626,93
6627,60,86
6628,79
6629,32
6630,66
6631,93
6633,32,86
6634,16
6636,4,50
6637,16,66
6638,16
6640,32
6641,79
6642,50,79
6643,50
6645,32
6646,45
6647,21
6648,93
6649,66,93
6651,16,79,93
6654,45,86
6655,21
6657,16,66
6658,4,32,50
6659,21,50
6660,4
6663,45,50,66
6664,4,66
6666,86
6667,21
6668,32
6669,32
6670,4
6671,21
6672,45
6674,16
6676,16,50
6677,79,93
6678,16
6680,50,93
6681,21,50
6683,4,21,66
6684,4
6685,66,79,86
6686,45
6689,21,32,86
6690,50
6691,32
6692,50
6693,45
6695,16,45
6696,4,93
6700,16
6701,50
6703,21,79
6704,21,93
6706,4,16
6707,79
6708,16,79
6709,4,86
6710,4,93
6712,16,32
6713,66
6714,66
6717,93
6719,45
6720,32
6721,21
6722,32
6725,93
6727,21
6728,93
6732,66
6733,32
6735,50
6737,4
6738,45,66
6740,93
6741,50,79
6743,4
6744,93
6745,16,79
6747,23,45
6748,16,21,45,50
6749,21
6751,16,45,66
6752,79
6753,16,86
6754,4,66,93
6755,32,93
6756,16
6757,16,21
6758,45
6759,16,79
6760,32
6764,32,86
6766,79
6767,93
6768,4,16,45,93
6770,32
6771,21
6772,45,66,79
6773,66
6774,21
6777,45
6778,66
6780,32
6781,66
6782,86
6783,86
6784,79
6785,45
6787,4,79
6789,66,86
6794,21,93
6796,93
6799,4,45
6800,79
6801,79
6802,79,86
6804,4
6805,45
6807,4,21
6809,4,16
6811,4,21,93
6812,32,86
6814,66
6816,66
6818,21
6819,4,45,86
6821,21
6823,4
6825,93
6827,16,79
6828,4
6831,50,66
6834,79
6836,66
6837,4,86
6838,4,93
6840,16
6841,45
6842,16,50
6843,16,66
6844,32,50
6845,21
6846,4,66
6847,79
6849,16
6850,21,86
6851,93
6852,21
6856,79
6857,45
6858,32
6860,16
6861,21
6863,4,45
6865,93
6867,4,86
6868,66
6870,86,93
6871,21,93
6872,4,45
6873,93
6874,66,79
6875,4
6876,16,21,32,86
6878,79
6879,32,45
6880,35
6881,21
6882,79,93
6883,66
6884,66
6887,50,86
6888,4
6889,79
6890,93
6891,66
6892,16,21,50,86,93
6893,45
6894,50
6896,4,16
6897,45
6898,86,93
6900,45,93
6901,93
6903,16,32
6904,50,79
6905,79
6907,79
6909,16,32,86
6910,86,93
6911,93
6912,86
6913,66
6914,16,32
6915,66
6917,45
6918,16,32
6920,32
6922,21,93
6923,4
6924,86
6926,50
6927,45
6929,45
6930,4
6932,32,86
6934,21,50
6935,16,86
6936,32
6937,93
6941,79
6942,21,50
6943,93
6944,16
6945,16,32
6946,50,93
6947,50
6948,50,66
6950,4,66
6951,32
6952,86
6953,32,66
6954,16
6956,21,50,79
6957,4
6959,32
6960,66
6961,4,32,79
6964,50,66,86
6965,50
6966,4,50
6968,79
6969,4
6970,32,45,86
6971,21,79
6972,16,21
6974,50
6975,45,66
6978,86,93
6980,16
6981,45,86
6982,93
6983,4
6984,79
6985,16
6987,50,86
6991,66,93
6993,86
6994,93
6996,86
6998,66
7000,66
7001,45,79
7003,93
7004,50
7007,50
7008,74,86
7011,86
7013,50
7016,50
7017,86
7022,86
7023,7
7025,7
7027,7,86
7031,15
7032,15,38
7035,93
7036,26
7037,7,86
7039,93
7041,7,15
7042,38,81
7043,67,93
7044,67
7046,26
7048,15,86
7050,93
7051,67
7052,74,86
7053,86
7055,7,67
7056,67,86,93
7058,50
7059,74
7060,74
7062,50
7063,74
7064,38,50
7065,7,93
7067,50
7068,7,15
7069,50,86
7070,7,15
7072,93
7073,38
7075,38,93
7076,50
7077,15
7078,38,74
7080,38,47,74
7082,45
7083,7,26,50
7084,26
7085,26,67,86
7086,74
7088,67
7090,74
7091,50
7092,50
7095,7,26,50,86
7096,94
7098,15
7099,38,94
7100,67
7101,7
7102,38,45
7103,67,94
7104,67
7105,45,94
7106,86
7107,15,67,94
7110,67
7111,15,38
7112,26
7113,94
7114,74
7116,15
7117,45
7119,38,45
7120,50
7122,74
7123,45
7124,38
7125,38
7127,15
7128,38
7129,67
7130,74,94
7131,7
7132,15,38,67
7133,15
7135,45,94
7136,50,86
7137,86
7138,15
7141,67,86
7145,50
7146,50
7148,74
7149,26,50,94
7150,7
7151,50
7152,50
7154,67,74
7156,67
7157,38
7158,67
7160,7,86
7161,45,50,74,86,94
7162,26
7163,15,45,94
7164,15,94
7166,94
7167,74
7170,74,94
7171,67
7174,7,94
7175,38,74,86
7176,86
7179,7,94
7180,7,94
7181,26,38,94
7182,26,67
7183,45
7184,74
7186,74
7187,26,38
7188,26,74
7189,26
7190,15,94
7191,38
7192,7,28
7193,38
7194,94
7197,7,26
7198,7,86
7199,45,50
7200,15,67,94
7201,26,94
7204,74
7207,50
7208,45,94
7209,74
7210,26,38,86
7211,45
7212,38
7213,7,86
7214,7
7215,26,45,86
7216,94
7218,67
7219,7
7220,94
7221,26
7222,67
7223,26,38
7225,7,67
7227,7
7230,15,94
7231,7,94
7232,86
7233,26
7234,94
7235,26,94
7237,45
7238,7,38
7239,50
7242,74,86
7243,45,67,94
7244,7
7245,7,38,50
7246,15,86
7247,7,38
7248,38,67,86
7249,26,45,86
7250,50
7251,45
7254,38,45
7255,86
7256,94
7258,38,67,86
7259,7,26,45
7260,45,67
7264,15
7266,67
7268,38
7272,67
7273,94
7274,26,50,94
7275,26,67
7278,26,45
7281,7
7282,38,67
7283,45
7284,15,38,94
7287,38,45
7288,15
7289,74,94
7290,94
7291,94
7293,38
7294,67,74
7295,67,74
7296,15
7297,7,15,38,67
7299,50
7300,74,86
7301,74
7302,67
7303,45,67,74
7305,38
7310,74
7312,7
7313,86
7314,7,74
7315,26,67
7316,26,67
7319,15,67,74
7321,7
7323,94
7324,7,74
7325,7,50,67,86,94
7326,67,94
7327,15,67
7328,94
7329,67
7333,15
7335,15
7336,7,15,26,86
7337,7
7339,7,86
7341,26,45
7342,26
7344,86
7345,94
7346,38,50
7347,45
7349,45,86
7350,7,50
7353,45
7355,7,15,45,50
7356,50,74
7358,67,74,88
7359,7
7360,38
7361,45
7364,86
7365,26
7368,7,26,86
7370,38,50,86
7371,86
7372,94
7374,86
7375,67
7377,7,38
7379,38
7381,15
7382,45
7385,67
7386,45,67,94
7388,86
7389,86
7390,74
7391,45
7392,50
7395,38
7396,15,45
7401,7
7402,94
7404,50
7405,7
7406,7,50,86
7407,67
7408,86
7409,15
7410,50
7411,94
7412,7,67
7413,45
7414,15,38,67
7419,94
7420,74
7421,94
7422,26,94
7423,15,50
7424,67,74
7428,7
7429,38
7430,94
7431,50
7432,26,45
7433,94
7434,15
7435,45
7436,38
7437,15
7438,15,50
7439,7,94
7442,50
7443,15
7444,15,94
7445,86
7446,67,74
7447,74
7448,26,74
7449,67,74,94
7450,38
7452,26,50
7453,38,50
7455,45
7457,94
7459,26,45
7460,86,94
7462,86
7463,38,45,94
7464,7
7465,26,74
7466,74
7467,26
7468,50,67
7470,94
7472,86
7473,26,38,45,94
7474,15
7476,15
7477,26,67
7478,15,86
7479,38
7480,38
7481,74,86
7483,38
7485,94
7491,7,50,51
7492,45
7493,50
7495,86
7496,38
7497,15
7499,67
7500,15
7506,94
7517,94
7519,57
7520,40
7522,73
7524,40
7530,40,82
7531,26
7533,26,40
7534,6,66,94
7535,94
7536,6
7538,40
7540,6,82
7542,6,12
7543,39
7545,57
7546,57
7547,26
7548,12,66
7549,40
7550,12,40
7552,6,40
7553,40
7556,40
7558,6
7559,39,94
7566,94
7567,39
7570,26
7571,39
7572,12,66
7573,73
7576,12
7577,40
7578,57,82
7579,6,57
7582,39,40
7584,73
7585,66
7586,12
7587,66
7588,26
7590,66
7591,6
7593,6,91
7595,66
7596,12
7597,66,73
7599,6,39
7600,6
7601,6
7602,40,73
7604,6
7606,66
7607,39
7610,26
7613,12,82
7614,26,73
7619,26
7623,12,66
7626,26,40,57
7628,12
7630,73
7631,26,66
7632,57,82,91
7633,26
7634,57,82
7635,26,66
7636,82
7637,73
7638,12,57
7639,40
7640,26
7642,26,91
7643,6,40,73
7645,40
7649,12
7655,73
7656,82
7657,73
7658,73,82
7662,6,26,57
7663,39
7664,26,40
7666,91
7667,6,57
7674,82
7676,40
7678,39,66
7680,91
7681,26
7683,26
7684,57,73
7687,57
7691,39
7696,40
7697,6,73
7700,26,91
7701,12
7702,73
7703,6,66
7704,26
7706,12
7707,40,82,91
7708,6
7709,26,39
7710,12,40
7711,82
7714,39
7715,91
7716,39,66
7718,91
7721,12
7722,66
7723,40,73
7725,26
7726,57,82
7728,82
7730,12
7734,57,91
7735,39
7737,66,82
7738,91
7739,57,91
7741,57
7742,57
7743,6,66
7747,73,91
7748,40
7750,91
7751,91
7754,12,66
7755,91
7757,39
7759,91
7760,6
7761,26
7765,66
7769,39
7770,26,39
7771,57
7773,40,66
7774,26
7775,40
7776,6,26,91
7778,12
7779,12,57
7780,82
7781,57
7782,6,73
7783,39,57
7785,39
7786,12,26,73
7787,26,39,66
7788,6,39
7792,82
7793,6
7794,6
7795,57
7797,12
7799,40,91
7800,12
7801,57,82
7802,82
7803,6
7805,6
7806,40
7807,6,82
7808,82
7809,73
7811,26,40
7813,39,40,66
7814,40,73
7816,12,26,66
7817,73
7818,12,91
7820,73
7821,6,66
7822,40
7823,91
7825,26
7826,57
7828,73
7829,12,39
7830,6,12
7834,26
7837,73
7838,73
7839,12
7841,12
7844,39
7845,73,91
7847,91
7848,82
7849,26
7850,57
7851,39
7854,12
7856,66,73
7857,73
7858,73
7861,66,82
7862,57
7863,40
7864,39
7865,91
7866,39
7869,91
7870,73
7872,39
7874,82
7875,91
7876,57,66
7879,12,57
7880,12
7882,40,66
7883,6
7885,73
7887,12,39,82
7888,57,73
7889,12,73
7891,12,66,82
7892,73
7894,12
7895,6,39,40
7896,66
7897,73
7898,73
7899,26
7900,39
7901,82
7902,12
7904,6,66
7905,12
7906,73
7907,12
7908,91
7909,39
7911,26,57
7912,39
7916,6,26,82
7917,39
7920,34
7921,40
7922,26
7923,40,82
7924,82
7925,6,66
7929,12
7930,82
7932,26,57
7934,40
7935,57,82
7936,91
7937,57
7938,6
7939,57
7940,26,73
7942,12,39,66
7945,26,39
7947,26,39
7948,26
7949,6
7950,40,82
7951,12,26,66
7953,26,82
7954,12
7955,73
7956,40,57,82
7957,6,82
7959,57,73
7961,26,82
7962,66
7963,40
7964,40
7969,40,73
7970,73
7974,26
7975,73
7977,12,26
7978,82
7979,57,82
7980,66
7982,26,40
7984,6,84
7985,12
7987,57
7989,26,39
7990,73
7991,6,26
7992,6,12
7993,39,82
7995,6
7996,73
7997,12,39
7998,91
7999,6,91
8002,6
8003,82
8010,12
8012,6,91
8014,83
8015,31,63
8016,6
8018,83
8020,6
8023,48
8026,63
8030,59
8033,6
8035,48
8036,12,31
8038,25,48,63,72
8040,72
8041,6,83
8043,25,48
8044,25
8047,31
8048,6,48,91
8049,25
8051,63
8052,31,72
8053,25,91
8055,46
8059,6,91
8060,25,59,83
8062,48,83
8064,31
8065,6,59
8066,99
8067,12
8068,83
8070,72
8071,63
8073,6,59,83
8074,48,59
8075,63,83
8077,99
8078,12
8079,72
8080,83
8081,83
8083,31
8084,25,31
8086,25,99
8088,12
8089,31,63,99
8090,25,63
8096,6
8099,72
8100,12
8101,99
8103,72
8104,12
8105,6,31
8107,31
8108,83
8110,72
8111,6,48,59,83
8113,83,99
8116,59,72
8117,31
8118,6,12
8120,99
8121,6,83
8122,12,72,83
8124,6,25
8126,31,63
8127,83,99
8128,31,59
8129,72
8130,59
8131,72
8132,59
8134,6,12
8136,63,72
8137,6
8139,99
8142,25
8145,6,83
8146,12,72
8147,63,72
8149,31
8150,63
8151,59
8152,59,63
8153,59
8154,83
8156,72
8160,31,72
8161,6
8163,6,25,59
8164,6
8165,25,31
8167,99
8169,6,99
8170,31,48
8171,59
8173,6,72
8175,25
8176,6
8177,6,25
8178,48
8179,31
8180,6,72
8181,48
8184,63,99
8187,31
8188,25
8189,99
8190,31,63
8191,72,83,99
8192,48
8194,59
8197,6,31,83
8198,31,72
8199,63
8200,12,31
8201,83
8202,25
8203,6,25
8205,12,99
8208,83,99
8210,25,83
8211,59
8212,6
8214,25,99
8216,12
8218,25
8219,99
8222,59
8223,6,31
8224,6,72
8227,83
8231,6,31,48
8234,31,83
8235,6,59
8236,59
8237,31
8240,83
8241,99
8242,83
8244,12,31
8245,25,31
8246,25,59
8247,12,63
8248,6
8249,72
8250,6,12,72
8252,72
8253,12,25,72
8256,25
8257,25,63
8258,6,25
8259,31,99
8261,72
8262,12
8264,83,99
8266,59
8267,6
8269,48,72
8270,59
8272,12,31,48
8273,25
8275,6,59
8276,6,12,72
8277,63
8278,6,48,99
8279,83
8280,31,48,59,99
8281,6
8282,59,83
8283,12,25,48
8285,63
8286,99
8288,25,99
8290,83
8291,31,63,83
8292,59,63
8293,6
8294,6
8296,6,25
8297,48
8298,6,63
8299,25,99
8300,72
8302,25
8303,63
8305,59,99
8306,31,72
8310,48
8311,6,48,59
8312,83
8314,59,99
8315,83
8316,59
8317,6,25,63
8318,12
8319,31
8322,12,59,72
8323,31
8326,25,59,83
8327,83
8328,83
8329,83,99
8330,31,72,83
8331,12
8332,31,63,72
8333,6,59,83
8335,48,59
8337,31,83
8338,72
8339,12,99
8340,72
8341,31
8342,6,25,63
8344,72
8346,25,83
8347,99
8349,72
8350,48
8351,48
8353,63,72
8354,12,63
8355,25,31
8356,88
8357,12,15,72,83
8358,59
8359,72
8360,59,99
8361,31
8363,25
8364,72
8365,48,99
8366,25,99
8369,63
8376,83
8378,6
8379,48
8380,6,31,48
8381,48
8383,6,12
8385,6,25
8386,31
8387,63
8389,36
8392,48
8394,63
8395,12,25
8396,25,63
8397,72
8399,12,83
8401,12,63,83
8402,59
8404,25
8405,12
8406,59
8408,59
8409,31,99
8410,72
8413,59
8414,63,83
8417,72
8418,63,83
8419,83
8420,59
8421,31
8422,25
8423,6
8425,25,31,63
8426,31,48
8427,6
8428,72
8429,6
8430,25
8432,12
8433,63,83
8434,31,63,83
8437,12,84
8438,12,99
8440,72
8441,72
8442,59
8443,48,83
8445,12,59
8446,48,59,83
8448,63,83
8449,31
8450,83
8451,12,31,48,83
8452,63
8453,99
8454,12,63
8459,72
8462,48
8463,25
8464,31,59
8465,12,25,31,59
8467,72
8468,99
8469,25
8470,83
8471,6,25
8472,6
8473,6,12
8474,72,99
8476,48
8478,25,63
8479,25,48,99
8480,59
8483,72
8484,48,99
8485,72
8486,25,59
8491,63
8493,12,48
8494,6
8495,12,25,59,99
8497,12,72
8499,48
8501,25,31,83
8502,72
8504,6,63
8506,12
8513,6,99
8516,99
8517,14,59
8518,39,59
8521,99
8524,59,80
8525,59
8526,71
8527,49
8528,39
8529,14,39,59,63
8530,49
8531,71
8532,6,80
8533,39
8535,59
8537,49
8539,80
8540,14,63,71
8541,21
8542,21,99
8543,21
8545,59
8548,14,80
8549,6,21
8550,21,59,71
8552,49
8553,49
8554,21,99
8555,6
8557,80
8558,49
8560,39
8561,71
8562,14,59
8566,80
8567,14,21
8568,71,98
8570,14,63
8571,6,39
8574,49,71
8575,98
8576,49,63
8578,80
8579,21,98
8581,6,14,63
8582,21,98
8583,6,39
8584,98
8585,21,39,63
8586,14,21,63
8587,63
8589,63
8590,14,39,71
8591,71,98
8596,21,39,49
8598,21
8599,59,71
8600,14
8601,98
8603,14
8604,6
8605,98
8606,71,98
8608,80
8610,80
8612,6
8615,59
8616,59
8619,6,63
8620,63
8621,14,98
8622,59
8623,39,49,59,71,80
8626,6
8627,6,21
8629,6
8631,21,49
8632,71
8633,71
8634,6,49
8635,49
8637,49
8640,80
8641,21,49
8643,80
8644,21
8646,49
8647,59
8648,14
8649,39,49
8651,80
8654,63,80
8655,39,59,71
8656,39,71
8657,39,63,71
8659,39
8660,49
8661,49,71
8663,6
8664,21,39
8669,49
8670,49
8671,39
8672,14
8673,14,21,63
8674,63
8675,71
8676,21,71
8678,80
8680,6
8681,80,98
8684,6,59
8685,6,59
8686,57
8688,59,71
8691,14
8692,6,63,80
8693,59
8694,71
8695,49
8696,63
8697,39,80
8700,30,49,63
8701,6,21
8702,71
8703,80,98
8704,39
8705,21
8706,14
8708,21,49,71
8709,63
8712,14,49
8714,98
8715,39
8716,39
8717,49
8719,6
8721,59
8722,27
8723,49,63,71,98
8724,14,21
8726,49
8727,59
8730,63
8731,14,39
8732,59
8733,14,39
8734,59
8736,39,49
8738,59,71
8741,71
8742,59,80
8744,21
8745,39,71
8747,39,98
8748,80
8751,21,49,80,98
8752,63
8754,59
8755,98
8757,6,39
8758,6,49
8759,49
8760,14,49
8761,49
8763,71
8765,63
8766,49
8767,6,71
8769,63,71
8770,39
8771,14,39
8772,21
8773,59
8776,63
8777,39,71,98
8778,49
8781,6
8782,49
8786,59
8787,98
8789,21,39
8791,49
8792,6
8793,80
8794,39,49
8795,71
8796,14
8797,49
8798,49
8799,49,71
8800,49,59,63
8802,6
8805,39,71
8808,21,49
8809,59
8810,6,21,59,98
8811,63
8812,39
8816,14
8817,59
8818,6,98
8819,49
8820,49
8821,98
8822,80
8823,21,59
8826,71
8828,98
8829,80,98
8830,80
8832,14
8835,6,39
8836,39
8837,39
8839,21,98
8840,71,80
8842,98
8844,80
8845,6,71
8846,71
8850,14,39,71
8851,14
8852,98
8857,63
8858,21,63,71
8859,98
8860,14
8862,63
8863,63
8864,14,59,71
8865,59
8866,63
8867,21,80
8868,59
8869,6,39
8870,63
8871,39
8873,59
8875,21
8876,6,14,98
8877,71,98
8878,14
8879,59,63
8881,14,59,98
8882,59,71
8883,14
8885,59
8887,6,21
8888,6
8889,59
8892,59
8893,49,59
8895,39
8898,80
8900,14,21,49
8901,6
8902,21
8903,71
8904,49
8906,49
8908,21
8909,98
8910,49
8913,14
8915,21
8916,14
8917,80
8919,21,80
8920,59
8921,80
8926,49
8929,59
8930,14,21,80
8931,6,14,71
8933,14,59,63
8935,14
8937,21
8938,21,49,59
8939,59,71,80
8943,6
8944,80
8945,39
8947,14,63,71
8948,49
8950,71
8951,21,80
8952,14
8953,14
8954,39
8955,49
8956,6,21,98
8957,21
8958,63,71
8959,14
8960,6,80,98
8961,14
8962,21
8963,39,71
8964,98
8965,14
8966,39,98
8967,80
8968,71
8970,21,71
8972,6
8974,14,71
8976,71,80
8977,39
8978,6,49
8979,49
8980,14
8981,98
8984,59
8986,49,59,80
8987,6
8988,21
8989,39,63
8990,6
8991,6
8993,30
8994,14
8997,39,49,71
8998,39
8999,71
9000,71
9002,98
9005,63
9009,98
9016,16,98
9018,63
9019,16
9020,29
9022,2
9023,40,77
9024,38
9025,63
9027,63
9028,77
9029,20,38,63
9030,77
9031,20,63,77
9035,40
9036,84
9043,40,50
9044,84
9045,16,50,98
9047,63
9048,20,40
9049,2
9052,2,63
9056,20
9058,77
9059,2
9063,38
9064,20,38,50,84
9065,50
9066,52
9068,77
9069,16
9070,2
9072,84
9073,50,92
9075,16
9081,50
9082,40
9086,16,92
9087,16
9088,16,50,77,84
9089,63
9090,77
9091,77,84
9092,77
9093,84
9094,63,84
9096,16,92
9097,2,38,50,63,84
9098,50,92
9101,20
9103,50
9105,77
9107,40,92
9108,40,77,84
9109,40
9110,20,50
9111,77
9112,84
9113,77
9114,2
9117,20
9118,84
9119,50,63
9120,2
9122,16,20
9125,63
9128,40
9130,20,38
9133,38
9134,2,92
9136,63,77
9138,92
9139,38
9140,16
9141,92
9142,35
9143,84
9145,20,38
9147,20,50,84
9148,20
9149,20,77
9150,38,50
9151,22,84
9152,20,38
9153,63
9155,2,84
9156,40,77
9158,50,63
9159,16,20,38
9160,2
9161,50
9162,63
9163,50
9164,92
9165,2,40,50
9167,84
9168,16,63,92
9169,40,50,63
9170,2
9171,38,50
9173,77
9174,2
9175,38
9176,40,84
9177,20,63
9180,40
9181,92
9182,50
9183,38,77
9184,63,77,84
9186,40,77
9187,38
9188,40
9189,50,84
9190,84
9191,20
9192,38
9193,2,63
9194,63
9195,40,50
9196,20,40,92
9197,20,40
9198,84,92
9200,63
9201,50
9202,20,77
9204,40
9205,92
9208,2
9209,92
9210,84
9211,16,50
9213,2,50
9214,50,92
9215,38,92
9219,63
9222,2,50,84
9223,77
9224,77
9225,16
9226,2
9227,40
9229,20,38
9231,16
9233,50
9235,50
9236,50
9238,50,63,92
9240,63
9243,50,92
9244,50
9246,40
9248,38
9249,20,84
9250,16,38
9254,38,40,50
9255,43
9256,50
9257,38,63
9258,38
9260,92
9262,92
9263,40
9264,16
9265,20,92
9266,2
9267,40,92
9268,84
9271,40,77
9272,2,20,38
9273,50
9274,2,77
9275,2
9276,16,50,92
9277,16,84
9278,2,77
9279,77,84
9282,92
9283,20,39
9284,16
9286,92
9288,77,92
9289,16
9290,77
9291,40,50
9292,63
9296,2
9297,63
9298,92
9299,77
9301,20
9302,2,63
9303,20,38,50
9304,2
9305,77,84,92
9306,16,40
9307,92
9308,84,92
9309,2,20
9310,20,38
9311,20
9312,20
9318,77
9320,84
9321,20,38
9322,16
9323,40
9324,77
9325,77,92
9326,50
9328,84,92
9329,20
9330,77
9331,38
9332,40
9339,20
9340,2
9342,82
9344,63
9345,16
9347,92
9348,16
9349,20
9352,2,38
9353,92
9355,84
9356,50,84
9357,40
9358,20
9359,77
9362,84
9363,63,84,92
9365,2
9366,38,77,84
9367,2,92
9368,63
9369,63
9370,38
9371,50
9373,40
9374,16,63,84
9375,50,63
9377,50
9378,38,40,92
9379,63
9380,40
9381,92
9382,2
9383,77
9386,50,77
9389,2
9390,16
9391,16,40
9394,2,20
9395,77
9396,20,40
9398,63
9400,84
9403,16,38
9404,20,50,63
9406,92
9407,20
9410,20
9411,38
9413,2
9414,2,50,84
9415,2,38
9417,20,50
9423,69
9424,38,84
9425,2,84
9426,38
9427,38,40
9429,84
9431,2,16
9432,84
9434,38
9435,2,63
9437,38,84,92
9438,92
9440,50
9441,84
9442,16
9443,2
9444,50
9445,20
9446,77
9448,38,63
9449,20,63,92
9451,84
9452,2
9456,40,84
9457,63
9458,40
9459,2
9460,2,38
9462,38,63
9463,50
9464,84,92
9465,84
9466,2,84
9467,2
9470,20
9471,40,50,84
9474,20,63,92
9475,77
9476,77
9478,84
9480,92
9483,2,20
9484,40
9485,2
9486,63
9487,84
9488,84
9493,50,84
9494,20,38
9495,20
9497,2,84
9498,38,50,63
9500,38
9503,92
9506,92
9507,2
9512,86
9515,92
9516,33
9518,58
9521,92
9522,2
9524,21
9525,2
9527,33,75,92
9528,92
9529,62
9531,12
9533,58
9534,12,21
9537,44,62
9539,44
9541,33,92
9542,2
9543,44
9545,12,92
9547,86
9548,33
9549,33
9551,92
9552,92
9553,21
9554,92
9556,21
9557,62
9558,44
9559,12
9560,33
9561,12
9564,62
9565,44
9567,12,58
9569,62
9570,33
9573,12,75,86
9574,12
9575,58
9576,2
9578,93
9579,12,44
9580,33,44
9582,21,33
9583,2
9584,75
9585,75
9587,2
9588,21,33,93
9589,44,75
9591,2,12
9593,58
9595,86
9596,21
9597,44
9600,21,62
9601,58,62,86
9604,62
9609,93
9613,93
9615,93
9616,21,44,86
9617,58
9618,2,62
9621,44
9622,21,62
9623,44,75
9624,12
9625,33
9627,44
9629,62
9630,58
9631,58
9632,21
9633,2
9634,44
9637,44
9638,86
9639,12
9640,2,33
9643,12
9644,12,33
9645,62
9647,86
9648,44
9650,12
9651,58
9653,12
9654,33
9655,2,33,86
9656,62,75
9659,21
9660,58
9661,44
9663,75
9664,44
9665,21
9666,12,58,75,93
9667,21,44
9668,33
9670,62
9671,44
9672,62,86
9673,75
9675,21,33,86
9676,44,75
9677,58,75
9679,12
9680,33
9681,28,93
9682,93
9683,75
9684,21
9685,21,86
9687,93
9688,44,58,75,86
9690,44,93
9692,58
9693,93
9694,58
9695,58,86
9698,58,62
9699,21,44
9700,2,44
9702,62
9703,21,58,86
9704,58,86,93
9706,86,93
9707,58
9708,2,12
9709,33
9710,2
9711,12,33,75
9712,12
9713,12
9715,44
9718,12,86
9720,93
9721,12,62
9722,86
9723,33,93
9724,15,58
9725,58,86,93
9726,58,75,86
9727,58,93
9728,93
9729,58
9730,58,86
9731,21,44,58
9732,44
9733,86
9735,2,58
9736,33,44
9738,44,75
9740,58,75
9741,12
9742,21
9743,2,12,21,33,93
9744,12
9747,58
9748,2
9749,12,62
9750,58
9751,62
9752,33,58
9753,2
9756,2,62
9758,33
9759,2,21,33,44
9760,21
9762,21
9764,12,75
9766,75,86
9767,58
9768,2,21,33
9769,21
9770,2
9771,75
9772,58
9773,86
9774,62
9778,2,62
9779,33
9780,86
9782,58
9783,2,86
9784,12,62,93
9785,62
9786,75
9788,93
9790,93
9791,44
9792,19
9795,86
9797,12
9798,86,93
9799,86
9800,62
9802,21,62,86
9803,33,44
9804,12,33,58,86
9805,12
9806,21
9807,62
9808,62,75,86
9810,75
9812,2,21,44
9813,2
9814,2,12
9815,62
9816,12,93
9818,44,86
9819,33
9820,62
9822,58
9824,33,75
9826,75
9827,21
9828,33,58
9829,75,93
9830,58,86
9831,21,44,58,62,75
9833,33,58
9836,58,93
9837,44
9838,58
9839,21,58,86
9840,12
9842,33
9843,12
9847,33
9848,21,86
9851,33
9852,33,75,93
9855,86
9856,33,75
9857,21
9858,21,62
9859,58,62
9861,75
9862,93
9865,62
9866,33,86
9867,2
9868,33
9869,33,75
9871,12,33
9872,2
9873,44
9874,86
9875,21
9876,12,93
9878,33,58
9879,58
9880,44
9882,12,21,44
9883,75,93
9887,21,33,44,58
9888,21
9890,86
9891,33,44,62
9893,33,44,86
9894,75
9895,12
9897,33
9898,12,62
9900,44
9901,93
9902,58,86
9903,62
9905,33,75
9906,75
9907,44
9908,62
9910,21
9911,58,93
9913,2
9915,12
9916,12,93
9918,44
9919,58
9920,44
9922,2,58
9924,21
9926,62
9927,93
9928,33,93
9930,62
9931,58
9932,12,44
9934,12
9935,58
9936,21
9940,2,12,21,33
9941,21,47,86
9943,58
9944,33,58,62
9949,62
9950,58,75
9951,62,75
9952,12,58,93
9953,44,75,93
9955,21
9957,86
9958,44,93
9959,33
9962,2,21
9963,44,86
9964,12
9967,2
9968,62
9970,62
9971,21,86
9972,44
9975,21,93
9976,58
9977,33,46,86
9979,93
9982,33
9983,21,93
9985,86
9986,58,93
9987,86
9988,62
9989,75
9991,58,62
9992,21,62
9994,2,93
9995,21,62,85
9996,21,75,86
9997,33
9999,44
