1,0
2,0
3,0
4,0
5,0
6,0
7,0
8,0
9,0
10,0
11,0
12,0
13,0
14,0
15,0
16,0
17,0
18,0
19,0
20,0
21,0
22,0
23,0
24,0
25,0
26,0
27,0
28,0
29,0
30,0
31,0
32,0
33,0
34,0
35,0
36,0
37,0
38,0
39,0
40,0
41,0
42,0
43,0
44,0
45,0
46,0
47,0
48,0
49,0
50,0
51,0
52,0
53,0
54,0
55,0
56,0
57,0
58,0
59,0
60,0
61,0
62,0
63,0
64,0
65,0
66,0
67,0
68,0
69,0
70,0
71,0
72,0
73,0
74,0
75,0
76,0
77,0
78,0
79,0
80,0
81,0
82,0
83,0
84,0
85,0
86,0
87,0
88,0
89,0
90,0
91,0
92,0
93,0
94,0
95,0
96,0
97,0
98,0
99,0
100,0
101,0
102,0
103,0
104,0
105,0
106,0
107,0
108,0
109,1.9996
110,1.6372
111,1.6372
112,1.09754
113,1.09754
114,1.09754
115,1.09754
116,2.49283
117,2.49283
118,2.49283
119,2.49283
120,2.49283
121,2.49283
122,2.49283
123,2.49283
124,2.49283
125,2.49283
126,2.49283
127,0.276335
128,0.276335
129,0.185248
130,0.185248
131,0.185248
132,0.185248
133,0.185248
134,0.185248
135,0.055809
136,0.055809
137,0.055809
138,0.055809
139,0.055809
140,0.055809
141,2.01641
142,2.01641
143,2.01641
144,2.01641
145,2.01641
146,2.01641
147,2.01641
148,2.01641
149,2.01641
150,2.01641
151,2.01641
152,2.01641
153,2.01641
154,2.01641
155,2.01641
156,2.01641
157,2.01641
158,0.0673401
159,2.05474
160,3.68194
161,3.68194
162,4.46788
163,3.65813
164,2.99515
165,2.99515
166,2.99515
167,2.99515
168,2.99515
169,2.99515
170,2.99515
171,2.99515
172,0.604903
173,0.495273
174,0.495273
175,2.33162
176,2.33162
177,2.33162
178,2.33162
179,2.33162
180,2.33162
181,2.33162
182,2.57473
183,2.57473
184,2.57473
185,1.41321
186,1.41321
187,1.41321
188,1.41321
189,0.635099
190,0.635099
191,0.635099
192,0.635099
193,0.635099
194,0.635099
195,0.191334
196,0.191334
197,0.191334
198,0.105019
199,2.08559
200,2.08559
201,2.08559
202,1.14473
203,1.14473
204,0.767397
205,0.767397
206,0.514443
207,0.514443
208,0.514443
209,0.514443
210,0.514443
211,0.514443
212,0.514443
213,2.1265
214,2.1265
215,2.1265
216,1.16719
217,1.16719
218,1.16719
219,1.16719
220,1.16719
221,1.16719
222,1.16719
223,0.287905
224,0.287905
225,0.287905
226,0.287905
227,0.287905
228,2.10554
229,2.10554
230,2.10554
231,2.10554
232,2.10554
233,2.10554
234,0.634327
235,0.634327
236,0.634327
237,0.634327
238,0.285067
239,0.285067
240,2.1907
241,2.1907
242,2.1907
243,2.1907
244,2.1907
245,2.1907
246,2.1907
247,2.1907
248,2.44204
249,2.44204
250,2.44204
251,2.44204
252,2.44204
253,2.44204
254,2.44204
255,2.44204
256,2.4928
257,2.4928
258,2.4928
259,2.4928
260,1.12026
261,1.12026
262,1.12026
263,1.12026
264,1.12026
265,1.12026
266,0.337498
267,0.337498
268,0.337498
269,0.337498
270,0.337498
271,2.12378
272,2.12378
273,1.42373
274,1.42373
275,2.95403
276,2.95403
277,2.95403
278,2.95403
279,2.95403
280,2.95403
281,2.95403
282,2.95403
283,2.95403
284,2.95403
285,2.95403
286,2.95403
287,2.95403
288,2.95403
289,2.95403
290,2.95403
291,2.95403
292,0.0986527
293,0.0986527
294,0.0986527
295,2.05375
296,2.05375
297,2.05375
298,2.05375
299,2.05375
300,2.05375
301,2.05375
302,2.05375
303,2.05375
304,2.05375
305,0.278056
306,0.278056
307,0.278056
308,0.152619
309,0.152619
310,2.10191
311,2.10191
312,2.10191
313,1.15369
314,1.15369
315,1.15369
316,2.63284
317,2.15567
318,2.15567
319,2.15567
320,2.15567
321,2.15567
322,2.15567
323,2.15567
324,2.15567
325,2.43496
326,2.43496
327,2.43496
328,2.43496
329,2.43496
330,2.43496
331,2.43496
332,2.43496
333,2.43496
334,2.43496
335,2.32927
336,2.32927
337,2.32927
338,3.27808
339,3.27808
340,4.19714
341,4.19714
342,4.19714
343,4.19714
344,4.19714
345,4.19714
346,4.19714
347,4.19714
348,0.847659
349,0.847659
350,0.847659
351,0.465261
352,0.465261
353,0.465261
354,0.465261
355,0.465261
356,0.465261
357,0.465261
358,0.465261
359,0.465261
360,0.465261
361,0.465261
362,0.465261
363,0.465261
364,0.465261
365,2.02791
366,2.02791
367,2.02791
368,2.02791
369,2.02791
370,2.02791
371,2.02791
372,2.02791
373,2.02791
374,2.02791
375,2.02791
376,2.02791
377,2.18366
378,2.18366
379,1.46387
380,1.46387
381,1.46387
382,1.46387
383,1.46387
384,1.46387
385,1.46387
386,1.46387
387,1.46387
388,2.24166
389,2.24166
390,2.24166
391,2.24166
392,3.00701
393,4.46163
394,4.46163
395,4.46163
396,4.46163
397,4.46163
398,4.46163
399,3.34374
400,3.34374
401,3.34374
402,3.34374
403,3.34374
404,3.34374
405,3.34374
406,3.34374
407,2.67491
408,4.18971
409,4.18971
410,4.18971
411,4.18971
412,1.88286
413,1.88286
414,1.88286
415,1.88286
416,1.88286
417,1.88286
418,1.88286
419,1.88286
420,1.88286
421,2.31095
422,2.31095
423,1.5492
424,3.26803
425,3.26803
426,3.26803
427,3.26803
428,3.26803
429,3.20208
430,3.20208
431,3.20208
432,3.75715
433,3.75715
434,3.75715
435,4.06181
436,4.06181
437,4.06181
438,4.06181
439,3.82498
440,3.82498
441,3.82498
442,3.82498
443,3.82498
444,3.82498
445,3.15194
446,3.15194
447,4.11258
448,4.11258
449,4.11258
450,4.11258
451,4.11258
452,3.51284
453,2.87618
454,2.87618
455,2.87618
456,2.87618
457,2.87618
458,2.87618
459,2.87618
460,2.87618
461,2.87618
462,2.87618
463,2.87618
464,2.87618
465,2.87618
466,2.87618
467,2.1746
468,2.1746
469,2.1746
470,2.1746
471,2.1746
472,2.1746
473,0.655134
474,0.655134
475,0.655134
476,0.359588
477,0.359588
478,0.241058
479,0.241058
480,0.241058
481,0.241058
482,0.241058
483,0.241058
484,0.241058
485,0.241058
486,0.241058
487,0.241058
488,0.241058
489,2.02632
490,2.02632
491,2.02632
492,2.02632
493,2.02632
494,2.02632
495,0.610463
496,0.610463
497,2.40884
498,2.40884
499,3.61442
500,3.61442
501,3.61442
502,3.61442
503,3.61442
504,3.61442
505,3.61442
506,3.61442
507,3.61442
508,3.61442
509,3.61442
510,3.61442
511,3.61442
512,3.61442
513,3.61442
514,3.61442
515,3.61442
516,3.61442
517,3.61442
518,3.61442
519,3.61442
520,3.61442
521,3.61442
522,3.61442
523,3.61442
524,3.61442
525,3.61442
526,3.61442
527,3.61442
528,3.61442
529,3.61442
530,3.61442
531,3.61442
532,3.61442
533,3.61442
534,3.61442
535,3.61442
536,3.61442
537,3.61442
538,3.61442
539,3.61442
540,3.61442
541,3.61442
542,3.61442
543,3.61442
544,3.61442
545,3.61442
546,3.61442
547,3.61442
548,3.61442
549,3.61442
550,3.61442
551,3.61442
552,3.61442
553,3.61442
554,3.61442
555,3.61442
556,3.61442
557,3.61442
558,3.61442
559,3.61442
560,3.61442
561,3.61442
562,3.61442
563,3.61442
564,3.61442
565,3.61442
566,3.61442
567,3.61442
568,3.61442
569,3.61442
570,3.61442
571,3.61442
572,3.61442
573,3.61442
574,3.61442
575,3.61442
576,3.61442
577,3.61442
578,3.61442
579,3.61442
580,3.61442
581,3.61442
582,3.61442
583,3.61442
584,3.61442
585,3.61442
586,3.61442
587,3.61442
588,3.61442
589,3.61442
590,3.61442
591,3.61442
592,3.61442
593,3.61442
594,3.61442
595,3.61442
596,3.61442
597,3.61442
598,3.61442
599,3.61442
600,3.61442
601,3.61442
602,3.61442
603,3.61442
604,3.61442
605,3.61442
606,3.61442
607,3.61442
608,3.61442
609,3.61442
610,3.61442
611,3.61442
612,3.61442
613,3.61442
614,3.61442
615,3.61442
616,3.61442
617,3.61442
618,3.61442
619,3.61442
620,3.61442
621,3.61442
622,3.61442
623,3.61442
624,3.61442
625,3.61442
626,3.61442
627,3.61442
628,3.61442
629,3.61442
630,3.61442
631,3.61442
632,3.61442
633,3.61442
634,3.61442
635,3.61442
636,3.61442
637,3.61442
638,3.61442
639,3.61442
640,3.61442
641,3.61442
642,3.61442
643,3.61442
644,3.61442
645,3.61442
646,3.61442
647,3.61442
648,3.61442
649,3.61442
650,3.61442
651,3.61442
652,3.61442
653,3.61442
654,3.61442
655,3.61442
656,3.61442
657,3.61442
658,3.61442
659,3.61442
660,3.61442
661,3.61442
662,3.61442
663,3.61442
664,3.61442
665,3.61442
666,3.61442
667,3.61442
668,3.61442
669,3.61442
670,3.61442
671,3.61442
672,3.61442
673,3.61442
674,3.61442
675,3.61442
676,3.61442
677,3.61442
678,3.61442
679,3.61442
680,3.61442
681,3.61442
682,3.61442
683,3.61442
684,3.61442
685,3.61442
686,3.61442
687,3.61442
688,3.61442
689,3.61442
690,3.61442
691,3.61442
692,3.61442
693,3.61442
694,3.61442
695,3.61442
696,3.61442
697,3.61442
698,3.61442
699,3.61442
700,3.61442
701,3.61442
702,3.61442
703,3.61442
704,3.61442
705,3.61442
706,3.61442
707,3.61442
708,3.61442
709,3.61442
710,3.61442
711,3.61442
712,3.61442
713,3.61442
714,3.61442
715,3.61442
716,3.61442
717,3.61442
718,3.61442
719,3.61442
720,3.61442
721,3.61442
722,3.61442
723,3.61442
724,3.61442
725,3.61442
726,3.61442
727,3.61442
728,3.61442
729,3.61442
730,3.61442
731,3.61442
732,3.61442
733,3.61442
734,3.61442
735,3.61442
736,3.61442
737,3.61442
738,3.61442
739,3.61442
740,3.61442
741,3.61442
742,3.61442
743,3.61442
744,3.61442
745,3.61442
746,3.61442
747,3.61442
748,3.61442
749,3.61442
750,3.61442
751,3.61442
752,3.61442
753,3.61442
754,3.61442
755,3.61442
756,3.61442
757,3.61442
758,3.61442
759,3.61442
760,3.61442
761,3.61442
762,3.61442
763,3.61442
764,3.61442
765,3.61442
766,3.61442
767,3.61442
768,3.61442
769,3.61442
770,3.61442
771,3.61442
772,3.61442
773,3.61442
774,3.61442
775,3.61442
776,3.61442
777,3.61442
778,3.61442
779,3.61442
780,3.61442
781,3.61442
782,3.61442
783,3.61442
784,3.61442
785,3.61442
786,3.61442
787,3.61442
788,3.61442
789,3.61442
790,3.61442
791,3.61442
792,3.61442
793,3.61442
794,3.61442
795,3.61442
796,3.61442
797,3.61442
798,3.61442
799,3.61442
800,3.61442
801,3.61442
802,3.61442
803,3.61442
804,3.61442
805,3.61442
806,3.61442
807,3.61442
808,3.61442
809,3.61442
810,3.61442
811,3.61442
812,3.61442
813,3.61442
814,3.61442
815,3.61442
816,3.61442
817,3.61442
818,3.61442
819,3.61442
820,3.61442
821,3.61442
822,3.61442
823,3.61442
824,3.61442
825,3.61442
826,3.61442
827,3.61442
828,3.61442
829,3.61442
830,3.61442
831,3.61442
832,3.61442
833,3.61442
834,3.61442
835,3.61442
836,3.61442
837,3.61442
838,3.61442
839,3.61442
840,3.61442
841,3.61442
842,3.61442
843,3.61442
844,3.61442
845,3.61442
846,3.61442
847,3.61442
848,3.61442
849,3.61442
850,3.61442
851,3.61442
852,3.61442
853,3.61442
854,3.61442
855,3.61442
856,3.61442
857,3.61442
858,3.61442
859,3.61442
860,3.61442
861,3.61442
862,3.61442
863,3.61442
864,3.61442
865,3.61442
866,3.61442
867,3.61442
868,3.61442
869,3.61442
870,3.61442
871,3.61442
872,3.61442
873,3.61442
874,3.61442
875,3.61442
876,3.61442
877,3.61442
878,3.61442
879,3.61442
880,3.61442
881,3.61442
882,3.61442
883,3.61442
884,3.61442
885,3.61442
886,3.61442
887,3.61442
888,3.61442
889,3.61442
890,3.61442
891,3.61442
892,3.61442
893,3.61442
894,3.61442
895,3.61442
896,3.61442
897,3.61442
898,3.61442
899,3.61442
900,3.61442
901,3.61442
902,3.61442
903,3.61442
904,3.61442
905,3.61442
906,3.61442
907,3.61442
908,3.61442
909,3.61442
910,3.61442
911,3.61442
912,3.61442
913,3.61442
914,3.61442
915,3.61442
916,3.61442
917,3.61442
918,3.61442
919,3.61442
920,3.61442
921,3.61442
922,3.61442
923,3.61442
924,3.61442
925,3.61442
926,3.61442
927,3.61442
928,3.61442
929,3.61442
930,3.61442
931,3.61442
932,3.61442
933,3.61442
934,3.61442
935,3.61442
936,3.61442
937,3.61442
938,3.61442
939,3.61442
940,3.61442
941,3.61442
942,3.61442
943,3.61442
944,3.61442
945,3.61442
946,3.61442
947,3.61442
948,3.61442
949,3.61442
950,3.61442
951,3.61442
952,3.61442
953,3.61442
954,3.61442
955,3.61442
956,3.61442
957,3.61442
958,3.61442
959,3.61442
960,3.61442
961,3.61442
962,3.61442
963,3.61442
964,3.61442
965,3.61442
966,3.61442
967,3.61442
968,3.61442
969,3.61442
970,3.61442
971,3.61442
972,3.61442
973,3.61442
974,3.61442
975,3.61442
976,3.61442
977,3.61442
978,3.61442
979,3.61442
980,3.61442
981,3.61442
982,3.61442
983,3.61442
984,3.61442
985,3.61442
986,3.61442
987,3.61442
988,3.61442
989,3.61442
990,3.61442
991,3.61442
992,3.61442
993,3.61442
994,3.61442
995,3.61442
996,3.61442
997,3.61442
998,3.61442
999,3.61442
1000,3.61442
1001,3.61442
1002,3.61442
1003,3.61442
1004,3.61442
1005,3.61442
1006,3.61442
1007,3.61442
1008,3.61442
1009,3.61442
1010,3.61442
1011,3.61442
1012,3.61442
1013,3.61442
1014,3.61442
1015,3.61442
1016,3.61442
1017,3.61442
1018,3.61442
1019,3.61442
1020,3.61442
1021,3.61442
1022,3.61442
1023,3.61442
1024,3.61442
1025,3.61442
1026,3.61442
1027,3.61442
1028,3.61442
1029,3.61442
1030,3.61442
1031,3.61442
1032,3.61442
1033,3.61442
1034,3.61442
1035,3.61442
1036,3.61442
1037,3.61442
1038,3.61442
1039,3.61442
1040,3.61442
1041,3.61442
1042,3.61442
1043,3.61442
1044,3.61442
1045,3.61442
1046,3.61442
1047,3.61442
1048,3.61442
1049,3.61442
1050,3.61442
1051,3.61442
1052,3.61442
1053,3.61442
1054,3.61442
1055,3.61442
1056,3.61442
1057,3.61442
1058,3.61442
1059,3.61442
1060,3.61442
1061,3.61442
1062,3.61442
1063,3.61442
1064,3.61442
1065,3.61442
1066,3.61442
1067,3.61442
1068,3.61442
1069,3.61442
1070,3.61442
1071,3.61442
1072,3.61442
1073,3.61442
1074,3.61442
1075,3.61442
1076,3.61442
1077,3.61442
1078,3.61442
1079,3.61442
1080,3.61442
1081,3.61442
1082,3.61442
1083,3.61442
1084,3.61442
1085,3.61442
1086,3.61442
1087,3.61442
1088,3.61442
1089,3.61442
1090,3.61442
1091,3.61442
1092,3.61442
1093,3.61442
1094,3.61442
1095,3.61442
1096,3.61442
1097,3.61442
1098,3.61442
1099,3.61442
1100,3.61442
1101,3.61442
1102,3.61442
1103,3.61442
1104,3.61442
1105,3.61442
1106,3.61442
1107,3.61442
1108,3.61442
1109,3.61442
1110,3.61442
1111,3.61442
1112,3.61442
1113,3.61442
1114,3.61442
1115,3.61442
1116,3.61442
1117,3.61442
1118,3.61442
1119,3.61442
1120,3.61442
1121,3.61442
1122,3.61442
1123,3.61442
1124,3.61442
1125,3.61442
1126,3.61442
1127,3.61442
1128,3.61442
1129,3.61442
1130,3.61442
1131,3.61442
1132,3.61442
1133,3.61442
1134,3.61442
1135,3.61442
1136,3.61442
1137,3.61442
1138,3.61442
1139,3.61442
1140,3.61442
1141,3.61442
1142,3.61442
1143,3.61442
1144,3.61442
1145,3.61442
1146,3.61442
1147,3.61442
1148,3.61442
1149,3.61442
1150,3.61442
1151,3.61442
1152,3.61442
1153,3.61442
1154,3.61442
1155,3.61442
1156,3.61442
1157,3.61442
1158,3.61442
1159,3.61442
1160,3.61442
1161,3.61442
1162,3.61442
1163,3.61442
1164,3.61442
1165,3.61442
1166,3.61442
1167,3.61442
1168,3.61442
1169,3.61442
1170,3.61442
1171,3.61442
1172,3.61442
1173,3.61442
1174,3.61442
1175,3.61442
1176,3.61442
1177,3.61442
1178,3.61442
1179,3.61442
1180,3.61442
1181,3.61442
1182,3.61442
1183,3.61442
1184,3.61442
1185,3.61442
1186,3.61442
1187,3.61442
1188,3.61442
1189,3.61442
1190,3.61442
1191,3.61442
1192,3.61442
1193,3.61442
1194,3.61442
1195,3.61442
1196,3.61442
1197,3.61442
1198,3.61442
1199,3.61442
1200,3.61442
1201,3.61442
1202,3.61442
1203,3.61442
1204,3.61442
1205,3.61442
1206,3.61442
1207,3.61442
1208,3.61442
1209,3.61442
1210,3.61442
1211,3.61442
1212,3.61442
1213,3.61442
1214,3.61442
1215,3.61442
1216,3.61442
1217,3.61442
1218,3.61442
1219,3.61442
1220,3.61442
1221,3.61442
1222,3.61442
1223,3.61442
1224,3.61442
1225,3.61442
1226,3.61442
1227,3.61442
1228,3.61442
1229,3.61442
1230,3.61442
1231,3.61442
1232,3.61442
1233,3.61442
1234,3.61442
1235,3.61442
1236,3.61442
1237,3.61442
1238,3.61442
1239,3.61442
1240,3.61442
1241,3.61442
1242,3.61442
1243,3.61442
1244,3.61442
1245,3.61442
1246,3.61442
1247,3.61442
1248,3.61442
1249,3.61442
1250,3.61442
1251,3.61442
1252,3.61442
1253,3.61442
1254,3.61442
1255,3.61442
1256,3.61442
1257,3.61442
1258,3.61442
1259,3.61442
1260,3.61442
1261,3.61442
1262,3.61442
1263,3.61442
1264,3.61442
1265,3.61442
1266,3.61442
1267,3.61442
1268,3.61442
1269,3.61442
1270,3.61442
1271,3.61442
1272,3.61442
1273,3.61442
1274,3.61442
1275,3.61442
1276,3.61442
1277,3.61442
1278,3.61442
1279,3.61442
1280,3.61442
1281,3.61442
1282,3.61442
1283,3.61442
1284,3.61442
1285,3.61442
1286,3.61442
1287,3.61442
1288,3.61442
1289,3.61442
1290,3.61442
1291,3.61442
1292,3.61442
1293,3.61442
1294,3.61442
1295,3.61442
1296,3.61442
1297,3.61442
1298,3.61442
1299,3.61442
1300,3.61442
1301,3.61442
1302,3.61442
1303,3.61442
1304,3.61442
1305,3.61442
1306,3.61442
1307,3.61442
1308,3.61442
1309,3.61442
1310,3.61442
1311,3.61442
1312,3.61442
1313,3.61442
1314,3.61442
1315,3.61442
1316,3.61442
1317,3.61442
1318,3.61442
1319,3.61442
1320,3.61442
1321,3.61442
1322,3.61442
1323,3.61442
1324,3.61442
1325,3.61442
1326,3.61442
1327,3.61442
1328,3.61442
1329,3.61442
1330,3.61442
1331,3.61442
1332,3.61442
1333,3.61442
1334,3.61442
1335,3.61442
1336,3.61442
1337,3.61442
1338,3.61442
1339,3.61442
1340,3.61442
1341,3.61442
1342,3.61442
1343,3.61442
1344,3.61442
1345,3.61442
1346,3.61442
1347,3.61442
1348,3.61442
1349,3.61442
1350,3.61442
1351,3.61442
1352,3.61442
1353,3.61442
1354,3.61442
1355,3.61442
1356,3.61442
1357,3.61442
1358,3.61442
1359,3.61442
1360,3.61442
1361,3.61442
1362,3.61442
1363,3.61442
1364,3.61442
1365,3.61442
1366,3.61442
1367,3.61442
1368,3.61442
1369,3.61442
1370,3.61442
1371,3.61442
1372,3.61442
1373,3.61442
1374,3.61442
1375,3.61442
1376,3.61442
1377,3.61442
1378,3.61442
1379,3.61442
1380,3.61442
1381,3.61442
1382,3.61442
1383,3.61442
1384,3.61442
1385,3.61442
1386,3.61442
1387,3.61442
1388,3.61442
1389,3.61442
1390,3.61442
1391,3.61442
1392,3.61442
1393,3.61442
1394,3.61442
1395,3.61442
1396,3.61442
1397,3.61442
1398,3.61442
1399,3.61442
1400,3.61442
1401,3.61442
1402,3.61442
1403,3.61442
1404,3.61442
1405,3.61442
1406,3.61442
1407,3.61442
1408,3.61442
1409,3.61442
1410,3.61442
1411,3.61442
1412,3.61442
1413,3.61442
1414,3.61442
1415,3.61442
1416,3.61442
1417,3.61442
1418,3.61442
1419,3.61442
1420,3.61442
1421,3.61442
1422,3.61442
1423,3.61442
1424,3.61442
1425,3.61442
1426,3.61442
1427,3.61442
1428,3.61442
1429,3.61442
1430,3.61442
1431,3.61442
1432,3.61442
1433,3.61442
1434,3.61442
1435,3.61442
1436,3.61442
1437,3.61442
1438,3.61442
1439,3.61442
1440,3.61442
1441,3.61442
1442,3.61442
1443,3.61442
1444,3.61442
1445,3.61442
1446,3.61442
1447,3.61442
1448,3.61442
1449,3.61442
1450,3.61442
1451,3.61442
1452,3.61442
1453,3.61442
1454,3.61442
1455,3.61442
1456,3.61442
1457,3.61442
1458,3.61442
1459,3.61442
1460,3.61442
1461,3.61442
1462,3.61442
1463,3.61442
1464,3.61442
1465,3.61442
1466,3.61442
1467,3.61442
1468,3.61442
1469,3.61442
1470,3.61442
1471,3.61442
1472,3.61442
1473,3.61442
1474,3.61442
1475,3.61442
1476,3.61442
1477,3.61442
1478,3.61442
1479,3.61442
1480,3.61442
1481,3.61442
1482,3.61442
1483,3.61442
1484,3.61442
1485,3.61442
1486,3.61442
1487,3.61442
1488,3.61442
1489,3.61442
1490,3.61442
1491,3.61442
1492,3.61442
1493,3.61442
1494,3.61442
1495,3.61442
1496,3.61442
1497,3.61442
1498,3.61442
1499,3.61442
1500,3.61442
1501,3.61442
1502,3.61442
1503,3.61442
1504,3.61442
1505,3.61442
1506,3.61442
1507,3.61442
1508,3.61442
1509,3.61442
1510,3.61442
1511,3.61442
1512,3.61442
1513,3.61442
1514,3.61442
1515,3.61442
1516,3.61442
1517,3.61442
1518,3.61442
1519,3.61442
1520,3.61442
1521,3.61442
1522,3.61442
1523,3.61442
1524,3.61442
1525,3.61442
1526,3.61442
1527,3.61442
1528,3.61442
1529,3.61442
1530,3.61442
1531,3.61442
1532,3.61442
1533,3.61442
1534,3.61442
1535,3.61442
1536,3.61442
1537,3.61442
1538,3.61442
1539,3.61442
1540,3.61442
1541,3.61442
1542,3.61442
1543,3.61442
1544,3.61442
1545,3.61442
1546,3.61442
1547,3.61442
1548,3.61442
1549,3.61442
1550,3.61442
1551,3.61442
1552,3.61442
1553,3.61442
1554,3.61442
1555,3.61442
1556,3.61442
1557,3.61442
1558,3.61442
1559,3.61442
1560,3.61442
1561,3.61442
1562,3.61442
1563,3.61442
1564,3.61442
1565,3.61442
1566,3.61442
1567,3.61442
1568,3.61442
1569,3.61442
1570,3.61442
1571,3.61442
1572,3.61442
1573,3.61442
1574,3.61442
1575,3.61442
1576,3.61442
1577,3.61442
1578,3.61442
1579,3.61442
1580,3.61442
1581,3.61442
1582,3.61442
1583,3.61442
1584,3.61442
1585,3.61442
1586,3.61442
1587,3.61442
1588,3.61442
1589,3.61442
1590,3.61442
1591,3.61442
1592,3.61442
1593,3.61442
1594,3.61442
1595,3.61442
1596,3.61442
1597,3.61442
1598,3.61442
1599,3.61442
1600,3.61442
1601,3.61442
1602,3.61442
1603,3.61442
1604,3.61442
1605,3.61442
1606,3.61442
1607,3.61442
1608,3.61442
1609,3.61442
1610,3.61442
1611,3.61442
1612,3.61442
1613,3.61442
1614,3.61442
1615,3.61442
1616,3.61442
1617,3.61442
1618,3.61442
1619,3.61442
1620,3.61442
1621,3.61442
1622,3.61442
1623,3.61442
1624,3.61442
1625,3.61442
1626,3.61442
1627,3.61442
1628,3.61442
1629,3.61442
1630,3.61442
1631,3.61442
1632,3.61442
1633,3.61442
1634,3.61442
1635,3.61442
1636,3.61442
1637,3.61442
1638,3.61442
1639,3.61442
1640,3.61442
1641,3.61442
1642,3.61442
1643,3.61442
1644,3.61442
1645,3.61442
1646,3.61442
1647,3.61442
1648,3.61442
1649,3.61442
1650,3.61442
1651,3.61442
1652,3.61442
1653,3.61442
1654,3.61442
1655,3.61442
1656,3.61442
1657,3.61442
1658,3.61442
1659,3.61442
1660,3.61442
1661,3.61442
1662,3.61442
1663,3.61442
1664,3.61442
1665,3.61442
1666,3.61442
1667,3.61442
1668,3.61442
1669,3.61442
1670,3.61442
1671,3.61442
1672,3.61442
1673,3.61442
1674,3.61442
1675,3.61442
1676,3.61442
1677,3.61442
1678,3.61442
1679,3.61442
1680,3.61442
1681,3.61442
1682,3.61442
1683,3.61442
1684,3.61442
1685,3.61442
1686,3.61442
1687,3.61442
1688,3.61442
1689,3.61442
1690,3.61442
1691,3.61442
1692,3.61442
1693,3.61442
1694,3.61442
1695,3.61442
1696,3.61442
1697,3.61442
1698,3.61442
1699,3.61442
1700,3.61442
1701,3.61442
1702,3.61442
1703,3.61442
1704,3.61442
1705,3.61442
1706,3.61442
1707,3.61442
1708,3.61442
1709,3.61442
1710,3.61442
1711,3.61442
1712,3.61442
1713,3.61442
1714,3.61442
1715,3.61442
1716,3.61442
1717,3.61442
1718,3.61442
1719,3.61442
1720,3.61442
1721,3.61442
1722,3.61442
1723,3.61442
1724,3.61442
1725,3.61442
1726,3.61442
1727,3.61442
1728,3.61442
1729,3.61442
1730,3.61442
1731,3.61442
1732,3.61442
1733,3.61442
1734,3.61442
1735,3.61442
1736,3.61442
1737,3.61442
1738,3.61442
1739,3.61442
1740,3.61442
1741,3.61442
1742,3.61442
1743,3.61442
1744,3.61442
1745,3.61442
1746,3.61442
1747,3.61442
1748,3.61442
1749,3.61442
1750,3.61442
1751,3.61442
1752,3.61442
1753,3.61442
1754,3.61442
1755,3.61442
1756,3.61442
1757,3.61442
1758,3.61442
1759,3.61442
1760,3.61442
1761,3.61442
1762,3.61442
1763,3.61442
1764,0
1765,0
1766,0
1767,0
1768,0
1769,0
1770,0
1771,0
1772,0
1773,0
1774,0
1775,0
1776,0
1777,0
1778,0
1779,0
1780,0
1781,0
1782,0
1783,0
1784,0
1785,0
1786,0
1787,0
1788,0
1789,0
1790,0
1791,0
1792,0
1793,0
1794,0
1795,0
1796,0
1797,0
1798,0
1799,0
1800,0
1801,0
1802,0
1803,0
1804,0
1805,0
1806,0
1807,0
1808,0
1809,0
1810,0
1811,0
1812,0
1813,0
1814,0
1815,0
1816,0
1817,0
1818,0
1819,0
1820,0
1821,0
1822,0
1823,0
1824,0
1825,0
1826,0
1827,0
1828,0
1829,0
1830,0
1831,0
1832,0
1833,0
1834,0
1835,0
1836,0
1837,0
1838,0
1839,0
1840,0
1841,0
1842,0
1843,0
1844,0
1845,0
1846,0
1847,0
1848,0
1849,0
1850,0
1851,0
1852,0
1853,0
1854,0
1855,0
1856,0
1857,0
1858,0
1859,0
1860,0
1861,0
1862,0
1863,0
1864,0
1865,0
1866,0
1867,0
1868,0
1869,0
1870,0
1871,0
1872,0
1873,0
1874,0
1875,0
1876,0
1877,0
1878,0
1879,0
1880,0
1881,0
1882,0
1883,0
1884,0
1885,0
1886,0
1887,0
1888,0
1889,0
1890,0
1891,0
1892,0
1893,0
1894,0
1895,0
1896,0
1897,0
1898,0
1899,0
1900,0
1901,0
1902,0
1903,0
1904,0
1905,0
1906,0
1907,0
1908,0
1909,0
1910,0
1911,0
1912,0
1913,0
1914,0
1915,0
1916,0
1917,0
1918,0
1919,0
1920,0
1921,0
1922,0
1923,0
1924,0
1925,0
1926,0
1927,0
1928,0
1929,0
1930,0
1931,0
1932,0
1933,0
1934,0
1935,0
1936,0
1937,0
1938,0
1939,0
1940,0
1941,0
1942,0
1943,0
1944,0
1945,0
1946,0
1947,0
1948,0
1949,0
1950,0
1951,0
1952,0
1953,0
1954,0
1955,0
1956,0
1957,0
1958,0
1959,0
1960,0
1961,0
1962,0
1963,0
1964,0
1965,0
1966,0
1967,0
1968,0
1969,0
1970,0
1971,0
1972,0
1973,0
1974,0
1975,0
1976,0
1977,0
1978,0
1979,0
1980,0
1981,0
1982,0
1983,0
1984,0
1985,0
1986,0
1987,0
1988,0
1989,0
1990,0
1991,0
1992,0
1993,0
1994,0
1995,0
1996,0
1997,0
1998,0
1999,0
2000,0
2001,0
2002,0
2003,0
2004,0
2005,0
2006,0
2007,0
2008,0
2009,0
2010,0
2011,0
2012,0
2013,0
2014,0
2015,0
2016,0
2017,0
2018,0
2019,0
2020,0
2021,0
2022,0
2023,0
2024,0
2025,0
2026,0
2027,0
2028,0
2029,0
2030,0
2031,0
2032,0
2033,0
2034,0
2035,0
2036,0
2037,0
2038,0
2039,0
2040,0
2041,0
2042,0
2043,0
2044,0
2045,0
2046,0
2047,0
2048,0
2049,0
2050,0
2051,0
2052,0
2053,0
2054,0
2055,0
2056,0
2057,0
2058,0
2059,0
2060,0
2061,0
2062,0
2063,0
2064,0
2065,0
2066,0
2067,0
2068,0
2069,0
2070,0
2071,0
2072,0
2073,0
2074,0
2075,0
2076,0
2077,0
2078,0
2079,0
2080,0
2081,0
2082,0
2083,0
2084,0
2085,0
2086,0
2087,0
2088,0
2089,0
2090,0
2091,0
2092,0
2093,0
2094,0
2095,0
2096,0
2097,0
2098,0
2099,0
2100,0
2101,0
2102,0
2103,0
2104,0
2105,0
2106,0
2107,0
2108,0
2109,0
2110,0
2111,0
2112,0
2113,0
2114,0
2115,0
2116,0
2117,0
2118,0
2119,0
2120,0
2121,0
2122,0
2123,0
2124,0
2125,0
2126,0
2127,0
2128,0
2129,0
2130,0
2131,0
2132,0
2133,0
2134,0
2135,0
2136,0
2137,0
2138,0
2139,0
2140,0
2141,0
2142,0
2143,0
2144,0
2145,0
2146,0
2147,0
2148,0
2149,0
2150,0
2151,0
2152,0
2153,0
2154,0
2155,0
2156,0
2157,0
2158,0
2159,0
2160,0
2161,0
2162,0
2163,0
2164,0
2165,0
2166,0
2167,0
2168,0
2169,0
2170,0
2171,0
2172,0
2173,0
2174,0
2175,0
2176,0
2177,0
2178,0
2179,0
2180,0
2181,0
2182,0
2183,0
2184,0
2185,0
2186,0
2187,0
2188,0
2189,0
2190,0
2191,0
2192,0
2193,0
2194,0
2195,0
2196,0
2197,0
2198,0
2199,0
2200,0
2201,0
2202,0
2203,0
2204,0
2205,0
2206,0
2207,0
2208,0
2209,0
2210,0
2211,0
2212,0
2213,0
2214,0
2215,0
2216,0
2217,0
2218,0
2219,0
2220,0
2221,0
2222,0
2223,0
2224,0
2225,0
2226,0
2227,0
2228,0
2229,0
2230,0
2231,0
2232,0
2233,0
2234,0
2235,0
2236,0
2237,0
2238,0
2239,0
2240,0
2241,0
2242,0
2243,0
2244,0
2245,0
2246,0
2247,0
2248,0
2249,0
2250,0
2251,0
2252,0
2253,0
2254,0
2255,0
2256,0
2257,0
2258,0
2259,0
2260,0
2261,0
2262,0
2263,0
2264,0
2265,0
2266,0
2267,0
2268,0
2269,0
2270,0
2271,0
2272,0
2273,0
2274,0
2275,0
2276,0
2277,0
2278,0
2279,0
2280,0
2281,0
2282,0
2283,0
2284,0
2285,0
2286,0
2287,0
2288,0
2289,0
2290,0
2291,0
2292,0
2293,0
2294,0
2295,0
2296,0
2297,0
2298,0
2299,0
2300,0
2301,0
2302,0
2303,0
2304,0
2305,0
2306,0
2307,0
2308,0
2309,0
2310,0
2311,0
2312,0
2313,0
2314,0
2315,0
2316,0
2317,0
2318,0
2319,0
2320,0
2321,0
2322,0
2323,0
2324,0
2325,0
2326,0
2327,0
2328,0
2329,0
2330,0
2331,0
2332,0
2333,0
2334,0
2335,0
2336,0
2337,0
2338,0
2339,0
2340,0
2341,0
2342,0
2343,0
2344,0
2345,0
2346,0
2347,0
2348,0
2349,0
2350,0
2351,0
2352,0
2353,0
2354,0
2355,0
2356,0
2357,0
2358,0
2359,0
2360,0
2361,0
2362,0
2363,0
2364,0
2365,0
2366,0
2367,0
2368,0
2369,0
2370,0
2371,0
2372,0
2373,0
2374,0
2375,0
2376,0
2377,0
2378,0
2379,0
2380,0
2381,0
2382,0
2383,0
2384,0
2385,0
2386,0
2387,0
2388,0
2389,0
2390,0
2391,0
2392,0
2393,0
2394,0
2395,0
2396,0
2397,0
2398,0
2399,0
2400,0
2401,0
2402,0
2403,0
2404,0
2405,0
2406,0
2407,0
2408,0
2409,0
2410,0
2411,0
2412,0
2413,0
2414,0
2415,0
2416,0
2417,0
2418,0
2419,0
2420,0
2421,0
2422,0
2423,0
2424,0
2425,0
2426,0
2427,0
2428,0
2429,0
2430,0
2431,0
2432,0
2433,0
2434,0
2435,0
2436,0
2437,0
2438,0
2439,0
2440,0
2441,0
2442,0
2443,0
2444,0
2445,0
2446,0
2447,0
2448,0
2449,0
2450,0
2451,0
2452,0
2453,0
2454,0
2455,0
2456,0
2457,0
2458,0
2459,0
2460,0
2461,0
2462,0
2463,0
2464,0
2465,0
2466,0
2467,0
2468,0
2469,0
2470,0
2471,0
2472,0
2473,0
2474,0
2475,0
2476,0
2477,0
2478,0
2479,0
2480,0
2481,0
2482,0
2483,0
2484,0
2485,0
2486,0
2487,0
2488,0
2489,0
2490,0
2491,0
2492,0
2493,0
2494,0
2495,0
2496,0
2497,0
2498,0
2499,0
2500,0
2501,0
2502,0
2503,0
2504,0
2505,0
2506,0
2507,0
2508,0
2509,0
2510,0
2511,0
2512,0
2513,0
2514,0
2515,0
2516,0
2517,0
2518,0
2519,0
2520,0
2521,0
2522,0
2523,0
2524,0
2525,0
2526,0
2527,0
2528,0
2529,0
2530,0
2531,0
2532,0
2533,0
2534,0
2535,0
2536,0
2537,0
2538,0
2539,0
2540,0
2541,0
2542,0
2543,0
2544,0
2545,0
2546,0
2547,0
2548,0
2549,0
2550,0
2551,0
2552,0
2553,0
2554,0
2555,0
2556,0
2557,0
2558,0
2559,0
2560,0
2561,0
2562,0
2563,0
2564,0
2565,0
2566,0
2567,0
2568,0
2569,0
2570,0
2571,0
2572,0
2573,0
2574,0
2575,0
2576,0
2577,0
2578,0
2579,0
2580,0
2581,0
2582,0
2583,0
2584,0
2585,0
2586,0
2587,0
2588,0
2589,0
2590,0
2591,0
2592,0
2593,0
2594,0
2595,0
2596,0
2597,0
2598,0
2599,0
2600,0
2601,0
2602,0
2603,0
2604,0
2605,0
2606,0
2607,0
2608,0
2609,0
2610,0
2611,0
2612,0
2613,0
2614,0
2615,0
2616,0
2617,0
2618,0
2619,0
2620,0
2621,0
2622,0
2623,0
2624,0
2625,0
2626,0
2627,0
2628,0
2629,0
2630,0
2631,0
2632,0
2633,0
2634,0
2635,0
2636,0
2637,0
2638,0
2639,0
2640,0
2641,0
2642,0
2643,0
2644,0
2645,0
2646,0
2647,0
2648,0
2649,0
2650,0
2651,0
2652,0
2653,0
2654,0
2655,0
2656,0
2657,0
2658,0
2659,0
2660,0
2661,0
2662,0
2663,0
2664,0
2665,0
2666,0
2667,0
2668,0
2669,0
2670,0
2671,0
2672,0
2673,0
2674,0
2675,0
2676,0
2677,0
2678,0
2679,0
2680,0
2681,0
2682,0
2683,0
2684,0
2685,0
2686,0
2687,0
2688,0
2689,0
2690,0
2691,0
2692,0
2693,0
2694,0
2695,0
2696,0
2697,0
2698,0
2699,0
2700,0
2701,0
2702,0
2703,0
2704,0
2705,0
2706,0
2707,0
2708,0
2709,0
2710,0
2711,0
2712,0
2713,0
2714,0
2715,0
2716,0
2717,0
2718,0
2719,0
2720,0
2721,0
2722,0
2723,0
2724,0
2725,0
2726,0
2727,0
2728,0
2729,0
2730,0
2731,0
2732,0
2733,0
2734,0
2735,0
2736,0
2737,0
2738,0
2739,0
2740,0
2741,0
2742,0
2743,0
2744,0
2745,0
2746,0
2747,0
2748,0
2749,0
2750,0
2751,0
2752,0
2753,0
2754,0
2755,0
2756,0
2757,0
2758,0
2759,0
2760,0
2761,0
2762,0
2763,0
2764,0
2765,0
2766,0
2767,0
2768,0
2769,0
2770,0
2771,0
2772,0
2773,0
2774,0
2775,0
2776,0
2777,0
2778,0
2779,0
2780,0
2781,0
2782,0
2783,0
2784,0
2785,0
2786,0
2787,0
2788,0
2789,0
2790,0
2791,0
2792,0
2793,0
2794,0
2795,0
2796,0
2797,0
2798,0
2799,0
2800,0
2801,0
2802,0
2803,0
2804,0
2805,0
2806,0
2807,0
2808,0
2809,0
2810,0
2811,0
2812,0
2813,0
2814,0
2815,0
2816,0
2817,0
2818,0
2819,0
2820,0
2821,0
2822,0
2823,0
2824,0
2825,0
2826,0
2827,0
2828,0
2829,0
2830,0
2831,0
2832,0
2833,0
2834,0
2835,0
2836,0
2837,0
2838,0
2839,0
2840,0
2841,0
2842,0
2843,0
2844,0
2845,0
2846,0
2847,0
2848,0
2849,0
2850,0
2851,0
2852,0
2853,0
2854,0
2855,0
2856,0
2857,0
2858,0
2859,0
2860,0
2861,0
2862,0
2863,0
2864,0
2865,0
2866,0
2867,0
2868,0
2869,0
2870,0
2871,0
2872,0
2873,0
2874,0
2875,0
2876,0
2877,0
2878,0
2879,0
2880,0
2881,0
2882,0
2883,0
2884,0
2885,0
2886,0
2887,0
2888,0
2889,0
2890,0
2891,0
2892,0
2893,0
2894,0
2895,0
2896,0
2897,0
2898,0
2899,0
2900,0
2901,0
2902,0
2903,0
2904,0
2905,0
2906,0
2907,0
2908,0
2909,0
2910,0
2911,0
2912,0
2913,0
2914,0
2915,0
2916,0
2917,0
2918,0
2919,0
2920,0
2921,0
2922,0
2923,0
2924,0
2925,0
2926,0
2927,0
2928,0
2929,0
2930,0
2931,0
2932,0
2933,0
2934,0
2935,0
2936,0
2937,0
2938,0
2939,0
2940,0
2941,0
2942,0
2943,0
2944,0
2945,0
2946,0
2947,0
2948,0
2949,0
2950,0
2951,0
2952,0
2953,0
2954,0
2955,0
2956,0
2957,0
2958,0
2959,0
2960,0
2961,0
2962,0
2963,0
2964,0
2965,0
2966,0
2967,0
2968,0
2969,0
2970,0
2971,0
2972,0
2973,0
2974,0
2975,0
2976,0
2977,0
2978,0
2979,0
2980,0
2981,0
2982,0
2983,0
2984,0
2985,0
2986,0
2987,0
2988,0
2989,0
2990,0
2991,0
2992,0
2993,0
2994,0
2995,0
2996,0
2997,0
2998,0
2999,0
3000,0
3001,0
3002,0
3003,0
3004,0
3005,0
3006,0
3007,0
3008,0
3009,0
3010,0
3011,0
3012,0
3013,0
3014,0
3015,0
3016,0
3017,0
3018,0
3019,0
3020,0
3021,0
3022,0
3023,0
3024,0
3025,0
3026,0
3027,0
3028,0
3029,0
3030,0
3031,0
3032,0
3033,0
3034,0
3035,0
3036,0
3037,0
3038,0
3039,0
3040,0
3041,0
3042,0
3043,0
3044,0
3045,0
3046,0
3047,0
3048,0
3049,0
3050,0
3051,0
3052,0
3053,0
3054,0
3055,0
3056,0
3057,0
3058,0
3059,0
3060,0
3061,0
3062,0
3063,0
3064,0
3065,0
3066,0
3067,0
3068,0
3069,0
3070,0
3071,0
3072,0
3073,0
3074,0
3075,0
3076,0
3077,0
3078,0
3079,0
3080,0
3081,0
3082,0
3083,0
3084,0
3085,0
3086,0
3087,0
3088,0
3089,0
3090,0
3091,0
3092,0
3093,0
3094,0
3095,0
3096,0
3097,0
3098,0
3099,0
3100,0
3101,0
3102,0
3103,0
3104,0
3105,0
3106,0
3107,0
3108,0
3109,0
3110,0
3111,0
3112,0
3113,0
3114,0
3115,0
3116,0
3117,0
3118,0
3119,0
3120,0
3121,0
3122,0
3123,0
3124,0
3125,0
3126,0
3127,0
3128,0
3129,0
3130,0
3131,0
3132,0
3133,0
3134,0
3135,0
3136,0
3137,0
3138,0
3139,0
3140,0
3141,0
3142,0
3143,0
3144,0
3145,0
3146,0
3147,0
3148,0
3149,0
3150,0
3151,0
3152,0
3153,0
3154,0
3155,0
3156,0
3157,0
3158,0
3159,0
3160,0
3161,0
3162,0
3163,0
3164,0
3165,0
3166,0
3167,0
3168,0
3169,0
3170,0
3171,0
3172,0
3173,0
3174,0
3175,0
3176,0
3177,0
3178,0
3179,0
3180,0
3181,0
3182,0
3183,0
3184,0
3185,0
3186,0
3187,0
3188,0
3189,0
3190,0
3191,0
3192,0
3193,0
3194,0
3195,0
3196,0
3197,0
3198,0
3199,0
3200,0
3201,0
3202,0
3203,0
3204,0
3205,0
3206,0
3207,0
3208,0
3209,0
3210,0
3211,0
3212,0
3213,0
3214,0
3215,0
3216,0
3217,0
3218,0
3219,0
3220,0
3221,0
3222,0
3223,0
3224,0
3225,0
3226,0
3227,0
3228,0
3229,0
3230,0
3231,0
3232,0
3233,0
3234,0
3235,0
3236,0
3237,0
3238,0
3239,0
3240,0
3241,0
3242,0
3243,0
3244,0
3245,0
3246,0
3247,0
3248,0
3249,0
3250,0
3251,0
3252,0
3253,0
3254,0
3255,0
3256,0
3257,0
3258,0
3259,0
3260,0
3261,0
3262,0
3263,0
3264,0
3265,0
3266,0
3267,0
3268,0
3269,0
3270,0
3271,0
3272,0
3273,0
3274,0
3275,0
3276,0
3277,0
3278,0
3279,0
3280,0
3281,0
3282,0
3283,0
3284,0
3285,0
3286,0
3287,0
3288,0
3289,0
3290,0
3291,0
3292,0
3293,0
3294,0
3295,0
3296,0
3297,0
3298,0
3299,0
3300,0
3301,0
3302,0
3303,0
3304,0
3305,0
3306,0
3307,0
3308,0
3309,0
3310,0
3311,0
3312,0
3313,0
3314,0
3315,0
3316,0
3317,0
3318,0
3319,0
3320,0
3321,0
3322,0
3323,0
3324,0
3325,0
3326,0
3327,0
3328,0
3329,0
3330,0
3331,0
3332,0
3333,0
3334,0
3335,0
3336,0
3337,0
3338,0
3339,0
3340,0
3341,0
3342,0
3343,0
3344,0
3345,0
3346,0
3347,0
3348,0
3349,0
3350,0
3351,0
3352,0
3353,0
3354,0
3355,0
3356,0
3357,0
3358,0
3359,0
3360,0
3361,0
3362,0
3363,0
3364,0
3365,0
3366,0
3367,0
3368,0
3369,0
3370,0
3371,0
3372,0
3373,0
3374,0
3375,0
3376,0
3377,0
3378,0
3379,0
3380,0
3381,0
3382,0
3383,0
3384,0
3385,0
3386,0
3387,0
3388,0
3389,0
3390,0
3391,0
3392,0
3393,0
3394,0
3395,0
3396,0
3397,0
3398,0
3399,0
3400,0
3401,0
3402,0
3403,0
3404,0
3405,0
3406,0
3407,0
3408,0
3409,0
3410,0
3411,0
3412,0
3413,0
3414,0
3415,0
3416,0
3417,0
3418,0
3419,0
3420,0
3421,0
3422,0
3423,0
3424,0
3425,0
3426,0
3427,0
3428,0
3429,0
3430,0
3431,0
3432,0
3433,0
3434,0
3435,0
3436,0
3437,0
3438,0
3439,0
3440,0
3441,0
3442,0
3443,0
3444,0
3445,0
3446,0
3447,0
3448,0
3449,0
3450,0
3451,0
3452,0
3453,0
3454,0
3455,0
3456,0
3457,0
3458,0
3459,0
3460,0
3461,0
3462,0
3463,0
3464,0
3465,0
3466,0
3467,0
3468,0
3469,0
3470,0
3471,0
3472,0
3473,0
3474,0
3475,0
3476,0
3477,0
3478,0
3479,0
3480,0
3481,0
3482,0
3483,0
3484,0
3485,0
3486,0
3487,0
3488,0
3489,0
3490,0
3491,0
3492,0
3493,0
3494,0
3495,0
3496,0
3497,0
3498,0
3499,0
3500,0
3501,0
3502,0
3503,0
3504,0
3505,0
3506,0
3507,0
3508,0
3509,0
3510,0
3511,0
3512,0
3513,0
3514,0
3515,0
3516,0
3517,0
3518,0
3519,0
3520,0
3521,0
3522,0
3523,0
3524,0
3525,0
3526,0
3527,0
3528,0
3529,0
3530,0
3531,0
3532,0
3533,0
3534,0
3535,0
3536,0
3537,0
3538,0
3539,0
3540,0
3541,0
3542,0
3543,0
3544,0
3545,0
3546,0
3547,0
3548,0
3549,0
3550,0
3551,0
3552,0
3553,0
3554,0
3555,0
3556,0
3557,0
3558,0
3559,0
3560,0
3561,0
3562,0
3563,0
3564,0
3565,0
3566,0
3567,0
3568,0
3569,0
3570,0
3571,0
3572,0
3573,0
3574,0
3575,0
3576,0
3577,0
3578,0
3579,0
3580,0
3581,0
3582,0
3583,0
3584,0
3585,0
3586,0
3587,0
3588,0
3589,0
3590,0
3591,0
3592,0
3593,0
3594,0
3595,0
3596,0
3597,0
3598,0
3599,0
3600,0
3601,0
3602,0
3603,0
3604,0
3605,0
3606,0
3607,0
3608,0
3609,0
3610,0
3611,0
3612,0
3613,0
3614,0
3615,0
3616,0
3617,0
3618,0
3619,0
3620,0
3621,0
3622,0
3623,0
3624,0
3625,0
3626,0
3627,0
3628,0
3629,0
3630,0
3631,0
3632,0
3633,0
3634,0
3635,0
3636,0
3637,0
3638,0
3639,0
3640,0
3641,0
3642,0
3643,0
3644,0
3645,0
3646,0
3647,0
3648,0
3649,0
3650,0
3651,0
3652,0
3653,0
3654,0
3655,0
3656,0
3657,0
3658,0
3659,0
3660,0
3661,0
3662,0
3663,0
3664,0
3665,0
3666,0
3667,0
3668,0
3669,0
3670,0
3671,0
3672,0
3673,0
3674,0
3675,0
3676,0
3677,0
3678,0
3679,0
3680,0
3681,0
3682,0
3683,0
3684,0
3685,0
3686,0
3687,0
3688,0
3689,0
3690,0
3691,0
3692,0
3693,0
3694,0
3695,0
3696,0
3697,0
3698,0
3699,0
3700,0
3701,0
3702,0
3703,0
3704,0
3705,0
3706,0
3707,0
3708,0
3709,0
3710,0
3711,0
3712,0
3713,0
3714,0
3715,0
3716,0
3717,0
3718,0
3719,0
3720,0
3721,0
3722,0
3723,0
3724,0
3725,0
3726,0
3727,0
3728,0
3729,0
3730,0
3731,0
3732,0
3733,0
3734,0
3735,0
3736,0
3737,0
3738,0
3739,0
3740,0
3741,0
3742,0
3743,0
3744,0
3745,0
3746,0
3747,0
3748,0
3749,0
3750,0
3751,0
3752,0
3753,0
3754,0
3755,0
3756,0
3757,0
3758,0
3759,0
3760,0
3761,0
3762,0
3763,0
3764,0
3765,0
3766,0
3767,0
3768,0
3769,0
3770,0
3771,0
3772,0
3773,0
3774,0
3775,0
3776,0
3777,0
3778,0
3779,0
3780,0
3781,0
3782,0
3783,0
3784,0
3785,0
3786,0
3787,0
3788,0
3789,0
3790,0
3791,0
3792,0
3793,0
3794,0
3795,0
3796,0
3797,0
3798,0
3799,0
3800,0
3801,0
3802,0
3803,0
3804,0
3805,0
3806,0
3807,0
3808,0
3809,0
3810,0
3811,0
3812,0
3813,0
3814,0
3815,0
3816,0
3817,0
3818,0
3819,0
3820,0
3821,0
3822,0
3823,0
3824,0
3825,0
3826,0
3827,0
3828,0
3829,0
3830,0
3831,0
3832,0
3833,0
3834,0
3835,0
3836,0
3837,0
3838,0
3839,0
3840,0
3841,0
3842,0
3843,0
3844,0
3845,0
3846,0
3847,0
3848,0
3849,0
3850,0
3851,0
3852,0
3853,0
3854,0
3855,0
3856,0
3857,0
3858,0
3859,0
3860,0
3861,0
3862,0
3863,0
3864,0
3865,0
3866,0
3867,0
3868,0
3869,0
3870,0
3871,0
3872,0
3873,0
3874,0
3875,0
3876,0
3877,0
3878,0
3879,0
3880,0
3881,0
3882,0
3883,0
3884,0
3885,0
3886,0
3887,0
3888,0
3889,0
3890,0
3891,0
3892,0
3893,0
3894,0
3895,0
3896,0
3897,0
3898,0
3899,0
3900,0
3901,0
3902,0
3903,0
3904,0
3905,0
3906,0
3907,0
3908,0
3909,0
3910,0
3911,0
3912,0
3913,0
3914,0
3915,0
3916,0
3917,0
3918,0
3919,0
3920,0
3921,0
3922,0
3923,0
3924,0
3925,0
3926,0
3927,0
3928,0
3929,0
3930,0
3931,0
3932,0
3933,0
3934,0
3935,0
3936,0
3937,0
3938,0
3939,0
3940,0
3941,0
3942,0
3943,0
3944,0
3945,0
3946,0
3947,0
3948,0
3949,0
3950,0
3951,0
3952,0
3953,0
3954,0
3955,0
3956,0
3957,0
3958,0
3959,0
3960,0
3961,0
3962,0
3963,0
3964,0
3965,0
3966,0
3967,0
3968,0
3969,0
3970,0
3971,0
3972,0
3973,0
3974,0
3975,0
3976,0
3977,0
3978,0
3979,0
3980,0
3981,0
3982,0
3983,0
3984,0
3985,0
3986,0
3987,0
3988,0
3989,0
3990,0
3991,0
3992,0
3993,0
3994,0
3995,0
3996,0
3997,0
3998,0
3999,0
4000,0
4001,0
4002,0
4003,0
4004,0
4005,0
4006,0
4007,0
4008,0
4009,0
4010,0
4011,0
4012,0
4013,0
4014,0
4015,0
4016,0
4017,0
4018,0
4019,0
4020,0
4021,0
4022,0
4023,0
4024,0
4025,0
4026,0
4027,0
4028,0
4029,0
4030,0
4031,0
4032,0
4033,0
4034,0
4035,0
4036,0
4037,0
4038,0
4039,0
4040,0
4041,0
4042,0
4043,0
4044,0
4045,0
4046,0
4047,0
4048,0
4049,0
4050,0
4051,0
4052,0
4053,0
4054,0
4055,0
4056,0
4057,0
4058,0
4059,0
4060,0
4061,0
4062,0
4063,0
4064,0
4065,0
4066,0
4067,0
4068,0
4069,0
4070,0
4071,0
4072,0
4073,0
4074,0
4075,0
4076,0
4077,0
4078,0
4079,0
4080,0
4081,0
4082,0
4083,0
4084,0
4085,0
4086,0
4087,0
4088,0
4089,0
4090,0
4091,0
4092,0
4093,0
4094,0
4095,0
4096,0
4097,0
4098,0
4099,0
4100,0
4101,0
4102,0
4103,0
4104,0
4105,0
4106,0
4107,0
4108,0
4109,0
4110,0
4111,0
4112,0
4113,0
4114,0
4115,0
4116,0
4117,0
4118,0
4119,0
4120,0
4121,0
4122,0
4123,0
4124,0
4125,0
4126,0
4127,0
4128,0
4129,0
4130,0
4131,0
4132,0
4133,0
4134,0
4135,0
4136,0
4137,0
4138,0
4139,0
4140,0
4141,0
4142,0
4143,0
4144,0
4145,0
4146,0
4147,0
4148,0
4149,0
4150,0
4151,0
4152,0
4153,0
4154,0
4155,0
4156,0
4157,0
4158,0
4159,0
4160,0
4161,0
4162,0
4163,0
4164,0
4165,0
4166,0
4167,0
4168,0
4169,0
4170,0
4171,0
4172,0
4173,0
4174,0
4175,0
4176,0
4177,0
4178,0
4179,0
4180,0
4181,0
4182,0
4183,0
4184,0
4185,0
4186,0
4187,0
4188,0
4189,0
4190,0
4191,0
4192,0
4193,0
4194,0
4195,0
4196,0
4197,0
4198,0
4199,0
4200,0
4201,0
4202,0
4203,0
4204,0
4205,0
4206,0
4207,0
4208,0
4209,0
4210,0
4211,0
4212,0
4213,0
4214,0
4215,0
4216,0
4217,0
4218,0
4219,0
4220,0
4221,0
4222,0
4223,0
4224,0
4225,0
4226,0
4227,0
4228,0
4229,0
4230,0
4231,0
4232,0
4233,0
4234,0
4235,0
4236,0
4237,0
4238,0
4239,0
4240,0
4241,0
4242,0
4243,0
4244,0
4245,0
4246,0
4247,0
4248,0
4249,0
4250,0
4251,0
4252,0
4253,0
4254,0
4255,0
4256,0
4257,0
4258,0
4259,0
4260,0
4261,0
4262,0
4263,0
4264,0
4265,0
4266,0
4267,0
4268,0
4269,0
4270,0
4271,0
4272,0
4273,0
4274,0
4275,0
4276,0
4277,0
4278,0
4279,0
4280,0
4281,0
4282,0
4283,0
4284,0
4285,0
4286,0
4287,0
4288,0
4289,0
4290,0
4291,0
4292,0
4293,0
4294,0
4295,0
4296,0
4297,0
4298,0
4299,0
4300,0
4301,0
4302,0
4303,0
4304,0
4305,0
4306,0
4307,0
4308,0
4309,0
4310,0
4311,0
4312,0
4313,0
4314,0
4315,0
4316,0
4317,0
4318,0
4319,0
4320,0
4321,0
4322,0
4323,0
4324,0
4325,0
4326,0
4327,0
4328,0
4329,0
4330,0
4331,0
4332,0
4333,0
4334,0
4335,0
4336,0
4337,0
4338,0
4339,0
4340,0
4341,0
4342,0
4343,0
4344,0
4345,0
4346,0
4347,0
4348,0
4349,0
4350,0
4351,0
4352,0
4353,0
4354,0
4355,0
4356,0
4357,0
4358,0
4359,0
4360,0
4361,0
4362,0
4363,0
4364,0
4365,0
4366,0
4367,0
4368,0
4369,0
4370,0
4371,0
4372,0
4373,0
4374,0
4375,0
4376,0
4377,0
4378,0
4379,0
4380,0
4381,0
4382,0
4383,0
4384,0
4385,0
4386,0
4387,0
4388,0
4389,0
4390,0
4391,0
4392,0
4393,0
4394,0
4395,0
4396,0
4397,0
4398,0
4399,0
4400,0
4401,0
4402,0
4403,0
4404,0
4405,0
4406,0
4407,0
4408,0
4409,0
4410,0
4411,0
4412,0
4413,0
4414,0
4415,0
4416,0
4417,0
4418,0
4419,0
4420,0
4421,0
4422,0
4423,0
4424,0
4425,0
4426,0
4427,0
4428,0
4429,0
4430,0
4431,0
4432,0
4433,0
4434,0
4435,0
4436,0
4437,0
4438,0
4439,0
4440,0
4441,0
4442,0
4443,0
4444,0
4445,0
4446,0
4447,0
4448,0
4449,0
4450,0
4451,0
4452,0
4453,0
4454,0
4455,0
4456,0
4457,0
4458,0
4459,0
4460,0
4461,0
4462,0
4463,0
4464,0
4465,0
4466,0
4467,0
4468,0
4469,0
4470,0
4471,0
4472,0
4473,0
4474,0
4475,0
4476,0
4477,0
4478,0
4479,0
4480,0
4481,0
4482,0
4483,0
4484,0
4485,0
4486,0
4487,0
4488,0
4489,0
4490,0
4491,0
4492,0
4493,0
4494,0
4495,0
4496,0
4497,0
4498,0
4499,0
4500,0
4501,0
4502,0
4503,0
4504,0
4505,0
4506,0
4507,0
4508,0
4509,0
4510,0
4511,0
4512,0
4513,0
4514,0
4515,0
4516,0
4517,0
4518,0
4519,0
4520,0
4521,0
4522,0
4523,0
4524,0
4525,0
4526,0
4527,0
4528,0
4529,0
4530,0
4531,0
4532,0
4533,0
4534,0
4535,0
4536,0
4537,0
4538,0
4539,0
4540,0
4541,0
4542,0
4543,0
4544,0
4545,0
4546,0
4547,0
4548,0
4549,0
4550,0
4551,0
4552,0
4553,0
4554,0
4555,0
4556,0
4557,0
4558,0
4559,0
4560,0
4561,0
4562,0
4563,0
4564,0
4565,0
4566,0
4567,0
4568,0
4569,0
4570,0
4571,0
4572,0
4573,0
4574,0
4575,0
4576,0
4577,0
4578,0
4579,0
4580,0
4581,0
4582,0
4583,0
4584,0
4585,0
4586,0
4587,0
4588,0
4589,0
4590,0
4591,0
4592,0
4593,0
4594,0
4595,0
4596,0
4597,0
4598,0
4599,0
4600,0
4601,0
4602,0
4603,0
4604,0
4605,0
4606,0
4607,0
4608,0
4609,0
4610,0
4611,0
4612,0
4613,0
4614,0
4615,0
4616,0
4617,0
4618,0
4619,0
4620,0
4621,0
4622,0
4623,0
4624,0
4625,0
4626,0
4627,0
4628,0
4629,0
4630,0
4631,0
4632,0
4633,0
4634,0
4635,0
4636,0
4637,0
4638,0
4639,0
4640,0
4641,0
4642,0
4643,0
4644,0
4645,0
4646,0
4647,0
4648,0
4649,0
4650,0
4651,0
4652,0
4653,0
4654,0
4655,0
4656,0
4657,0
4658,0
4659,0
4660,0
4661,0
4662,0
4663,0
4664,0
4665,0
4666,0
4667,0
4668,0
4669,0
4670,0
4671,0
4672,0
4673,0
4674,0
4675,0
4676,0
4677,0
4678,0
4679,0
4680,0
4681,0
4682,0
4683,0
4684,0
4685,0
4686,0
4687,0
4688,0
4689,0
4690,0
4691,0
4692,0
4693,0
4694,0
4695,0
4696,0
4697,0
4698,0
4699,0
4700,0
4701,0
4702,0
4703,0
4704,0
4705,0
4706,0
4707,0
4708,0
4709,0
4710,0
4711,0
4712,0
4713,0
4714,0
4715,0
4716,0
4717,0
4718,0
4719,0
4720,0
4721,0
4722,0
4723,0
4724,0
4725,0
4726,0
4727,0
4728,0
4729,0
4730,0
4731,0
4732,0
4733,0
4734,0
4735,0
4736,0
4737,0
4738,0
4739,0
4740,0
4741,0
4742,0
4743,0
4744,0
4745,0
4746,0
4747,0
4748,0
4749,0
4750,0
4751,0
4752,0
4753,0
4754,0
4755,0
4756,0
4757,0
4758,0
4759,0
4760,0
4761,0
4762,0
4763,0
4764,0
4765,0
4766,0
4767,0
4768,0
4769,0
4770,0
4771,0
4772,0
4773,0
4774,0
4775,0
4776,0
4777,0
4778,0
4779,0
4780,0
4781,0
4782,0
4783,0
4784,0
4785,0
4786,0
4787,0
4788,0
4789,0
4790,0
4791,0
4792,0
4793,0
4794,0
4795,0
4796,0
4797,0
4798,0
4799,0
4800,0
4801,0
4802,0
4803,0
4804,0
4805,0
4806,0
4807,0
4808,0
4809,0
4810,0
4811,0
4812,0
4813,0
4814,0
4815,0
4816,0
4817,0
4818,0
4819,0
4820,0
4821,0
4822,0
4823,0
4824,0
4825,0
4826,0
4827,0
4828,0
4829,0
4830,0
4831,0
4832,0
4833,0
4834,0
4835,0
4836,0
4837,0
4838,0
4839,0
4840,0
4841,0
4842,0
4843,0
4844,0
4845,0
4846,0
4847,0
4848,0
4849,0
4850,0
4851,0
4852,0
4853,0
4854,0
4855,0
4856,0
4857,0
4858,0
4859,0
4860,0
4861,0
4862,0
4863,0
4864,0
4865,0
4866,0
4867,0
4868,0
4869,0
4870,0
4871,0
4872,0
4873,0
4874,0
4875,0
4876,0
4877,0
4878,0
4879,0
4880,0
4881,0
4882,0
4883,0
4884,0
4885,0
4886,0
4887,0
4888,0
4889,0
4890,0
4891,0
4892,0
4893,0
4894,0
4895,0
4896,0
4897,0
4898,0
4899,0
4900,0
4901,0
4902,0
4903,0
4904,0
4905,0
4906,0
4907,0
4908,0
4909,0
4910,0
4911,0
4912,0
4913,0
4914,0
4915,0
4916,0
4917,0
4918,0
4919,0
4920,0
4921,0
4922,0
4923,0
4924,0
4925,0
4926,0
4927,0
4928,0
4929,0
4930,0
4931,0
4932,0
4933,0
4934,0
4935,0
4936,0
4937,0
4938,0
4939,0
4940,0
4941,0
4942,0
4943,0
4944,0
4945,0
4946,0
4947,0
4948,0
4949,0
4950,0
4951,0
4952,0
4953,0
4954,0
4955,0
4956,0
4957,0
4958,0
4959,0
4960,0
4961,0
4962,0
4963,0
4964,0
4965,0
4966,0
4967,0
4968,0
4969,0
4970,0
4971,0
4972,0
4973,0
4974,0
4975,0
4976,0
4977,0
4978,0
4979,0
4980,0
4981,0
4982,0
4983,0
4984,0
4985,0
4986,0
4987,0
4988,0
4989,0
4990,0
4991,0
4992,0
4993,0
4994,0
4995,0
4996,0
4997,0
4998,0
4999,0
5000,0
5001,0
5002,0
5003,0
5004,0
5005,0
5006,0
5007,0
5008,0
5009,0
5010,0
5011,0
5012,0
5013,0
5014,0
5015,0
5016,0
5017,0
5018,0
5019,0
5020,0
5021,0
5022,0
5023,0
5024,0
5025,0
5026,0
5027,0
5028,0
5029,0
5030,0
5031,0
5032,0
5033,0
5034,0
5035,0
5036,0
5037,0
5038,0
5039,0
5040,0
5041,0
5042,0
5043,0
5044,0
5045,0
5046,0
5047,1.9996
5048,1.9996
5049,1.9996
5050,1.9996
5051,1.9996
5052,1.9996
5053,1.9996
5054,1.9996
5055,1.9996
5056,1.9996
5057,2.27032
5058,2.27032
5059,2.27032
5060,2.27032
5061,2.27032
5062,2.27032
5063,2.27032
5064,2.27032
5065,2.27032
5066,2.27032
5067,2.27032
5068,2.27032
5069,2.27032
5070,2.27032
5071,2.27032
5072,2.27032
5073,2.27032
5074,2.27032
5075,2.27032
5076,2.27032
5077,2.27032
5078,2.27032
5079,2.27032
5080,2.27032
5081,2.27032
5082,2.27032
5083,2.27032
5084,2.27032
5085,2.27032
5086,2.27032
5087,0.00563433
5088,0.00563433
5089,0.00563433
5090,0.00563433
5091,0.00563433
5092,0.00563433
5093,0.00563433
5094,0.00563433
5095,0.00563433
5096,0.00563433
5097,0.00563433
5098,0.00563433
5099,0.00051138
5100,0.00051138
5101,0.00051138
5102,1.99988
5103,1.99988
5104,1.99988
5105,1.99988
5106,1.99988
5107,2.73546
5108,2.73546
5109,2.73546
5110,2.73546
5111,2.73546
5112,3.00612
5113,3.00612
5114,2.01522
5115,3.64959
5116,3.64959
5117,3.64959
5118,3.64959
5119,3.64959
5120,3.64959
5121,3.64959
5122,3.64959
5123,3.64959
5124,3.64959
5125,3.64959
5126,3.64959
5127,3.64959
5128,3.64959
5129,3.64959
5130,3.64959
5131,3.64959
5132,3.64959
5133,3.64959
5134,3.64959
5135,3.64959
5136,3.64959
5137,3.64959
5138,3.64959
5139,3.64959
5140,3.64959
5141,2.01975
5142,2.01975
5143,2.01975
5144,2.01975
5145,2.01975
5146,2.01975
5147,2.01975
5148,2.01975
5149,2.01975
5150,2.01975
5151,2.01975
5152,2.01975
5153,2.01975
5154,2.01975
5155,2.12249
5156,2.12249
5157,2.12249
5158,2.12249
5159,2.12249
5160,0.780977
5161,0.780977
5162,0.780977
5163,0.42866
5164,0.42866
5165,0.42866
5166,0.42866
5167,0.42866
5168,0.42866
5169,0.42866
5170,0.42866
5171,0.42866
5172,2.07048
5173,3.69484
5174,3.69484
5175,3.69484
5176,3.69484
5177,3.66006
5178,3.66006
5179,3.66006
5180,2.00893
5181,2.00893
5182,2.00893
5183,2.00893
5184,2.00893
5185,2.00893
5186,2.00893
5187,2.00893
5188,2.00893
5189,2.00893
5190,2.00893
5191,2.00893
5192,2.00893
5193,2.00893
5194,2.00893
5195,2.00893
5196,2.00893
5197,2.00893
5198,2.00893
5199,2.00893
5200,2.00893
5201,2.00893
5202,2.00893
5203,2.00893
5204,2.00893
5205,0.0135496
5206,0.0135496
5207,0.0135496
5208,0.0135496
5209,2.00569
5210,2.00569
5211,3.34416
5212,3.34416
5213,3.34416
5214,1.83553
5215,1.83553
5216,1.83553
5217,1.83553
5218,0.824891
5219,2.67499
5220,2.67499
5221,2.67499
5222,2.67499
5223,2.67499
5224,2.67499
5225,2.67499
5226,0.659829
5227,0.659829
5228,0.659829
5229,2.36177
5230,2.36177
5231,2.36177
5232,2.36177
5233,2.36177
5234,2.36177
5235,2.36177
5236,2.36177
5237,2.36177
5238,2.39014
5239,2.39014
5240,2.39014
5241,2.39014
5242,2.39014
5243,2.39014
5244,2.71967
5245,2.71967
5246,2.71967
5247,2.71967
5248,2.71967
5249,2.71967
5250,2.71967
5251,2.71967
5252,2.54887
5253,2.54887
5254,3.70829
5255,3.70829
5256,3.70829
5257,4.035
5258,4.035
5259,4.035
5260,4.035
5261,4.035
5262,4.035
5263,4.035
5264,4.035
5265,4.035
5266,4.035
5267,4.035
5268,4.035
5269,0.366223
5270,0.366223
5271,0.366223
5272,0.366223
5273,0.366223
5274,0.366223
5275,0.366223
5276,0.366223
5277,0.0739627
5278,0.0739627
5279,0.0739627
5280,0.0739627
5281,2.03284
5282,2.03284
5283,2.03284
5284,2.03284
5285,2.03284
5286,2.03284
5287,2.03284
5288,2.03284
5289,0.410554
5290,0.410554
5291,2.27482
5292,2.27482
5293,2.27482
5294,2.27482
5295,2.27482
5296,2.27482
5297,2.27482
5298,2.27482
5299,2.27482
5300,2.27482
5301,2.27482
5302,2.27482
5303,2.27482
5304,2.16865
5305,2.16865
5306,2.16865
5307,2.16865
5308,0.974592
5309,0.974592
5310,0.974592
5311,0.974592
5312,0.437982
5313,0.437982
5314,0.437982
5315,2.24
5316,2.24
5317,3.50124
5318,3.50124
5319,2.34714
5320,2.34714
5321,2.34714
5322,2.34714
5323,2.34714
5324,2.34714
5325,2.70671
5326,4.21576
5327,4.21576
5328,4.21576
5329,4.21576
5330,4.21576
5331,4.21576
5332,4.21576
5333,4.21576
5334,4.21576
5335,4.21576
5336,4.21576
5337,4.21576
5338,4.21576
5339,4.21576
5340,4.21576
5341,2.20962
5342,2.20962
5343,2.20962
5344,2.20962
5345,2.20962
5346,2.20962
5347,2.66528
5348,2.66528
5349,2.66528
5350,3.46251
5351,3.46251
5352,2.32118
5353,3.9001
5354,3.19326
5355,3.19326
5356,3.19326
5357,3.19326
5358,3.43465
5359,4.81177
5360,4.81177
5361,4.81177
5362,4.81177
5363,4.81177
5364,1.7705
5365,1.7705
5366,1.7705
5367,1.7705
5368,1.7705
5369,0.651462
5370,0.651462
5371,0.651462
5372,0.651462
5373,0.651462
5374,0.651462
5375,0.651462
5376,2.16029
5377,2.16029
5378,2.16029
5379,2.16029
5380,2.16029
5381,2.16029
5382,2.16029
5383,2.16029
5384,2.16029
5385,2.16029
5386,0.292481
5387,0.292481
5388,0.292481
5389,0.292481
5390,2.13104
5391,2.13104
5392,2.13104
5393,2.13104
5394,2.13104
5395,2.78372
5396,2.78372
5397,2.78372
5398,2.78372
5399,2.78372
5400,2.78372
5401,2.78372
5402,2.78372
5403,2.5618
5404,2.5618
5405,2.5618
5406,2.5618
5407,2.5618
5408,2.5618
5409,2.5618
5410,2.5618
5411,2.5618
5412,0.423616
5413,0.423616
5414,0.423616
5415,0.423616
5416,0.423616
5417,0.423616
5418,2.12722
5419,2.12722
5420,2.12722
5421,1.16758
5422,1.16758
5423,1.16758
5424,1.16758
5425,1.16758
5426,2.42922
5427,2.42922
5428,2.42922
5429,3.33294
5430,3.33294
5431,4.23392
5432,4.23392
5433,4.23392
5434,4.23392
5435,1.90273
5436,1.90273
5437,1.90273
5438,1.90273
5439,1.90273
5440,1.90273
5441,1.90273
5442,1.90273
5443,1.90273
5444,1.90273
5445,1.90273
5446,1.90273
5447,1.90273
5448,1.90273
5449,0.11577
5450,0.11577
5451,0.0776089
5452,0.0776089
5453,0.0776089
5454,0.0776089
5455,0.0776089
5456,0.0776089
5457,0.0776089
5458,0.0776089
5459,0.0776089
5460,0.0776089
5461,0.0776089
5462,0.0086031
5463,0.0086031
5464,0.0086031
5465,0.0086031
5466,2.00347
5467,2.00347
5468,2.00347
5469,2.00347
5470,2.00347
5471,2.00347
5472,2.00347
5473,2.00347
5474,2.00347
5475,2.00347
5476,0.271248
5477,0.271248
5478,0.271248
5479,0.271248
5480,0.271248
5481,0.271248
5482,0.271248
5483,0.0669077
5484,0.0669077
5485,0.0669077
5486,0.0669077
5487,2.02967
5488,3.66142
5489,4.99744
5490,4.99744
5491,4.99744
5492,4.99744
5493,4.99744
5494,4.99744
5495,4.99744
5496,4.99744
5497,3.00889
5498,3.00889
5499,3.00889
5500,3.00889
5501,3.00889
5502,3.00889
5503,3.00889
5504,3.00889
5505,3.00889
5506,3.00889
5507,3.00889
5508,3.00889
5509,3.00889
5510,3.00889
5511,3.00889
5512,3.00889
5513,3.00889
5514,3.00889
5515,3.00889
5516,3.00889
5517,3.00889
5518,3.00889
5519,3.00889
5520,3.00889
5521,3.00889
5522,3.00889
5523,3.00889
5524,3.00889
5525,3.00889
5526,3.00889
5527,3.00889
5528,3.00889
5529,3.00889
5530,3.00889
5531,3.00889
5532,3.00889
5533,3.00889
5534,3.00889
5535,3.00889
5536,3.00889
5537,3.00889
5538,3.00889
5539,3.00889
5540,3.00889
5541,3.00889
5542,3.00889
5543,3.00889
5544,3.00889
5545,3.00889
5546,3.00889
5547,3.00889
5548,3.00889
5549,3.00889
5550,3.00889
5551,3.00889
5552,3.00889
5553,3.00889
5554,3.00889
5555,3.00889
5556,3.00889
5557,3.00889
5558,3.00889
5559,3.00889
5560,3.00889
5561,3.00889
5562,3.00889
5563,3.00889
5564,3.00889
5565,3.00889
5566,3.00889
5567,3.00889
5568,3.00889
5569,3.00889
5570,3.00889
5571,3.00889
5572,3.00889
5573,3.00889
5574,3.00889
5575,3.00889
5576,3.00889
5577,3.00889
5578,3.00889
5579,3.00889
5580,3.00889
5581,3.00889
5582,3.00889
5583,3.00889
5584,3.00889
5585,3.00889
5586,3.00889
5587,3.00889
5588,3.00889
5589,3.00889
5590,3.00889
5591,3.00889
5592,3.00889
5593,3.00889
5594,3.00889
5595,3.00889
5596,3.00889
5597,3.00889
5598,3.00889
5599,3.00889
5600,3.00889
5601,3.00889
5602,3.00889
5603,3.00889
5604,3.00889
5605,3.00889
5606,3.00889
5607,3.00889
5608,3.00889
5609,3.00889
5610,3.00889
5611,3.00889
5612,3.00889
5613,3.00889
5614,3.00889
5615,3.00889
5616,3.00889
5617,3.00889
5618,3.00889
5619,3.00889
5620,3.00889
5621,3.00889
5622,3.00889
5623,3.00889
5624,3.00889
5625,3.00889
5626,3.00889
5627,3.00889
5628,3.00889
5629,3.00889
5630,3.00889
5631,3.00889
5632,3.00889
5633,3.00889
5634,3.00889
5635,3.00889
5636,3.00889
5637,3.00889
5638,3.00889
5639,3.00889
5640,3.00889
5641,3.00889
5642,3.00889
5643,3.00889
5644,3.00889
5645,3.00889
5646,3.00889
5647,3.00889
5648,3.00889
5649,3.00889
5650,3.00889
5651,3.00889
5652,3.00889
5653,3.00889
5654,3.00889
5655,3.00889
5656,3.00889
5657,3.00889
5658,3.00889
5659,3.00889
5660,3.00889
5661,3.00889
5662,3.00889
5663,3.00889
5664,3.00889
5665,3.00889
5666,3.00889
5667,3.00889
5668,3.00889
5669,3.00889
5670,3.00889
5671,3.00889
5672,3.00889
5673,3.00889
5674,3.00889
5675,3.00889
5676,3.00889
5677,3.00889
5678,3.00889
5679,3.00889
5680,3.00889
5681,3.00889
5682,3.00889
5683,3.00889
5684,3.00889
5685,3.00889
5686,3.00889
5687,3.00889
5688,3.00889
5689,3.00889
5690,3.00889
5691,3.00889
5692,3.00889
5693,3.00889
5694,3.00889
5695,3.00889
5696,3.00889
5697,3.00889
5698,3.00889
5699,3.00889
5700,3.00889
5701,3.00889
5702,3.00889
5703,3.00889
5704,3.00889
5705,3.00889
5706,3.00889
5707,3.00889
5708,3.00889
5709,3.00889
5710,3.00889
5711,3.00889
5712,3.00889
5713,3.00889
5714,3.00889
5715,3.00889
5716,3.00889
5717,3.00889
5718,3.00889
5719,3.00889
5720,3.00889
5721,3.00889
5722,3.00889
5723,3.00889
5724,3.00889
5725,3.00889
5726,3.00889
5727,3.00889
5728,3.00889
5729,3.00889
5730,3.00889
5731,3.00889
5732,3.00889
5733,3.00889
5734,3.00889
5735,3.00889
5736,3.00889
5737,3.00889
5738,3.00889
5739,3.00889
5740,3.00889
5741,3.00889
5742,3.00889
5743,3.00889
5744,3.00889
5745,3.00889
5746,3.00889
5747,3.00889
5748,3.00889
5749,3.00889
5750,3.00889
5751,3.00889
5752,3.00889
5753,3.00889
5754,3.00889
5755,3.00889
5756,3.00889
5757,3.00889
5758,3.00889
5759,3.00889
5760,3.00889
5761,3.00889
5762,3.00889
5763,3.00889
5764,3.00889
5765,3.00889
5766,3.00889
5767,3.00889
5768,3.00889
5769,3.00889
5770,3.00889
5771,3.00889
5772,3.00889
5773,3.00889
5774,3.00889
5775,3.00889
5776,3.00889
5777,3.00889
5778,3.00889
5779,3.00889
5780,3.00889
5781,3.00889
5782,3.00889
5783,3.00889
5784,3.00889
5785,3.00889
5786,3.00889
5787,3.00889
5788,3.00889
5789,3.00889
5790,3.00889
5791,3.00889
5792,3.00889
5793,3.00889
5794,3.00889
5795,3.00889
5796,3.00889
5797,3.00889
5798,3.00889
5799,3.00889
5800,3.00889
5801,3.00889
5802,3.00889
5803,3.00889
5804,3.00889
5805,3.00889
5806,3.00889
5807,3.00889
5808,3.00889
5809,3.00889
5810,3.00889
5811,3.00889
5812,3.00889
5813,3.00889
5814,3.00889
5815,3.00889
5816,3.00889
5817,3.00889
5818,3.00889
5819,3.00889
5820,3.00889
5821,3.00889
5822,3.00889
5823,3.00889
5824,3.00889
5825,3.00889
5826,3.00889
5827,3.00889
5828,3.00889
5829,3.00889
5830,3.00889
5831,3.00889
5832,3.00889
5833,3.00889
5834,3.00889
5835,3.00889
5836,3.00889
5837,3.00889
5838,3.00889
5839,3.00889
5840,3.00889
5841,3.00889
5842,3.00889
5843,3.00889
5844,3.00889
5845,3.00889
5846,3.00889
5847,3.00889
5848,3.00889
5849,3.00889
5850,3.00889
5851,3.00889
5852,3.00889
5853,3.00889
5854,3.00889
5855,3.00889
5856,3.00889
5857,3.00889
5858,3.00889
5859,3.00889
5860,3.00889
5861,3.00889
5862,3.00889
5863,3.00889
5864,3.00889
5865,3.00889
5866,3.00889
5867,3.00889
5868,3.00889
5869,3.00889
5870,3.00889
5871,3.00889
5872,3.00889
5873,3.00889
5874,3.00889
5875,3.00889
5876,3.00889
5877,3.00889
5878,3.00889
5879,3.00889
5880,3.00889
5881,3.00889
5882,3.00889
5883,3.00889
5884,3.00889
5885,3.00889
5886,3.00889
5887,3.00889
5888,3.00889
5889,3.00889
5890,3.00889
5891,3.00889
5892,3.00889
5893,3.00889
5894,3.00889
5895,3.00889
5896,3.00889
5897,3.00889
5898,3.00889
5899,3.00889
5900,3.00889
5901,3.00889
5902,3.00889
5903,3.00889
5904,3.00889
5905,3.00889
5906,3.00889
5907,3.00889
5908,3.00889
5909,3.00889
5910,3.00889
5911,3.00889
5912,3.00889
5913,3.00889
5914,3.00889
5915,3.00889
5916,3.00889
5917,3.00889
5918,3.00889
5919,3.00889
5920,3.00889
5921,3.00889
5922,3.00889
5923,3.00889
5924,3.00889
5925,3.00889
5926,3.00889
5927,3.00889
5928,3.00889
5929,3.00889
5930,3.00889
5931,3.00889
5932,3.00889
5933,3.00889
5934,3.00889
5935,3.00889
5936,3.00889
5937,3.00889
5938,3.00889
5939,3.00889
5940,3.00889
5941,3.00889
5942,3.00889
5943,3.00889
5944,3.00889
5945,3.00889
5946,3.00889
5947,3.00889
5948,3.00889
5949,3.00889
5950,3.00889
5951,3.00889
5952,3.00889
5953,3.00889
5954,3.00889
5955,3.00889
5956,3.00889
5957,3.00889
5958,3.00889
5959,3.00889
5960,3.00889
5961,3.00889
5962,3.00889
5963,3.00889
5964,3.00889
5965,3.00889
5966,3.00889
5967,3.00889
5968,3.00889
5969,3.00889
5970,3.00889
5971,3.00889
5972,3.00889
5973,3.00889
5974,3.00889
5975,3.00889
5976,3.00889
5977,3.00889
5978,3.00889
5979,3.00889
5980,3.00889
5981,3.00889
5982,3.00889
5983,3.00889
5984,3.00889
5985,3.00889
5986,3.00889
5987,3.00889
5988,3.00889
5989,3.00889
5990,3.00889
5991,3.00889
5992,3.00889
5993,3.00889
5994,3.00889
5995,3.00889
5996,3.00889
5997,3.00889
5998,3.00889
5999,3.00889
6000,3.00889
6001,3.00889
6002,3.00889
6003,3.00889
6004,3.00889
6005,3.00889
6006,3.00889
6007,3.00889
6008,3.00889
6009,3.00889
6010,3.00889
6011,3.00889
6012,3.00889
6013,3.00889
6014,3.00889
6015,3.00889
6016,3.00889
6017,3.00889
6018,3.00889
6019,3.00889
6020,3.00889
6021,3.00889
6022,3.00889
6023,3.00889
6024,3.00889
6025,3.00889
6026,3.00889
6027,3.00889
6028,3.00889
6029,3.00889
6030,3.00889
6031,3.00889
6032,3.00889
6033,3.00889
6034,3.00889
6035,3.00889
6036,3.00889
6037,3.00889
6038,3.00889
6039,3.00889
6040,3.00889
6041,3.00889
6042,3.00889
6043,3.00889
6044,3.00889
6045,3.00889
6046,3.00889
6047,3.00889
6048,3.00889
6049,3.00889
6050,3.00889
6051,3.00889
6052,3.00889
6053,3.00889
6054,3.00889
6055,3.00889
6056,3.00889
6057,3.00889
6058,3.00889
6059,3.00889
6060,3.00889
6061,3.00889
6062,3.00889
6063,3.00889
6064,3.00889
6065,3.00889
6066,3.00889
6067,3.00889
6068,3.00889
6069,3.00889
6070,3.00889
6071,3.00889
6072,3.00889
6073,3.00889
6074,3.00889
6075,3.00889
6076,3.00889
6077,3.00889
6078,3.00889
6079,3.00889
6080,3.00889
6081,3.00889
6082,3.00889
6083,3.00889
6084,3.00889
6085,3.00889
6086,3.00889
6087,3.00889
6088,3.00889
6089,3.00889
6090,3.00889
6091,3.00889
6092,3.00889
6093,3.00889
6094,3.00889
6095,3.00889
6096,3.00889
6097,3.00889
6098,3.00889
6099,3.00889
6100,3.00889
6101,3.00889
6102,3.00889
6103,3.00889
6104,3.00889
6105,3.00889
6106,3.00889
6107,3.00889
6108,3.00889
6109,3.00889
6110,3.00889
6111,3.00889
6112,3.00889
6113,3.00889
6114,3.00889
6115,3.00889
6116,3.00889
6117,3.00889
6118,3.00889
6119,3.00889
6120,3.00889
6121,3.00889
6122,3.00889
6123,3.00889
6124,3.00889
6125,3.00889
6126,3.00889
6127,3.00889
6128,3.00889
6129,3.00889
6130,3.00889
6131,3.00889
6132,3.00889
6133,3.00889
6134,3.00889
6135,3.00889
6136,3.00889
6137,3.00889
6138,3.00889
6139,3.00889
6140,3.00889
6141,3.00889
6142,3.00889
6143,3.00889
6144,3.00889
6145,3.00889
6146,3.00889
6147,3.00889
6148,3.00889
6149,3.00889
6150,3.00889
6151,3.00889
6152,3.00889
6153,3.00889
6154,3.00889
6155,3.00889
6156,3.00889
6157,3.00889
6158,3.00889
6159,3.00889
6160,3.00889
6161,3.00889
6162,3.00889
6163,3.00889
6164,3.00889
6165,3.00889
6166,3.00889
6167,3.00889
6168,3.00889
6169,3.00889
6170,3.00889
6171,3.00889
6172,3.00889
6173,3.00889
6174,3.00889
6175,3.00889
6176,3.00889
6177,3.00889
6178,3.00889
6179,3.00889
6180,3.00889
6181,3.00889
6182,3.00889
6183,3.00889
6184,3.00889
6185,3.00889
6186,3.00889
6187,3.00889
6188,3.00889
6189,3.00889
6190,3.00889
6191,3.00889
6192,3.00889
6193,3.00889
6194,3.00889
6195,3.00889
6196,3.00889
6197,3.00889
6198,3.00889
6199,3.00889
6200,3.00889
6201,3.00889
6202,3.00889
6203,3.00889
6204,3.00889
6205,3.00889
6206,3.00889
6207,3.00889
6208,3.00889
6209,3.00889
6210,3.00889
6211,3.00889
6212,3.00889
6213,3.00889
6214,3.00889
6215,3.00889
6216,3.00889
6217,3.00889
6218,3.00889
6219,3.00889
6220,3.00889
6221,3.00889
6222,3.00889
6223,3.00889
6224,3.00889
6225,3.00889
6226,3.00889
6227,3.00889
6228,3.00889
6229,3.00889
6230,3.00889
6231,3.00889
6232,3.00889
6233,3.00889
6234,3.00889
6235,3.00889
6236,3.00889
6237,3.00889
6238,3.00889
6239,3.00889
6240,3.00889
6241,3.00889
6242,3.00889
6243,3.00889
6244,3.00889
6245,3.00889
6246,3.00889
6247,3.00889
6248,3.00889
6249,3.00889
6250,3.00889
6251,3.00889
6252,3.00889
6253,3.00889
6254,3.00889
6255,3.00889
6256,3.00889
6257,3.00889
6258,3.00889
6259,3.00889
6260,3.00889
6261,3.00889
6262,3.00889
6263,3.00889
6264,3.00889
6265,3.00889
6266,3.00889
6267,3.00889
6268,3.00889
6269,3.00889
6270,3.00889
6271,3.00889
6272,3.00889
6273,3.00889
6274,3.00889
6275,3.00889
6276,3.00889
6277,3.00889
6278,3.00889
6279,3.00889
6280,3.00889
6281,3.00889
6282,3.00889
6283,3.00889
6284,3.00889
6285,3.00889
6286,3.00889
6287,3.00889
6288,3.00889
6289,3.00889
6290,3.00889
6291,3.00889
6292,3.00889
6293,3.00889
6294,3.00889
6295,3.00889
6296,3.00889
6297,3.00889
6298,3.00889
6299,3.00889
6300,3.00889
6301,3.00889
6302,3.00889
6303,3.00889
6304,3.00889
6305,3.00889
6306,3.00889
6307,3.00889
6308,3.00889
6309,3.00889
6310,3.00889
6311,3.00889
6312,3.00889
6313,3.00889
6314,3.00889
6315,3.00889
6316,3.00889
6317,3.00889
6318,3.00889
6319,3.00889
6320,3.00889
6321,3.00889
6322,3.00889
6323,3.00889
6324,3.00889
6325,3.00889
6326,3.00889
6327,3.00889
6328,3.00889
6329,3.00889
6330,3.00889
6331,3.00889
6332,3.00889
6333,3.00889
6334,3.00889
6335,3.00889
6336,3.00889
6337,3.00889
6338,3.00889
6339,3.00889
6340,3.00889
6341,3.00889
6342,3.00889
6343,3.00889
6344,3.00889
6345,3.00889
6346,3.00889
6347,3.00889
6348,3.00889
6349,3.00889
6350,3.00889
6351,3.00889
6352,3.00889
6353,3.00889
6354,3.00889
6355,3.00889
6356,3.00889
6357,3.00889
6358,3.00889
6359,3.00889
6360,3.00889
6361,3.00889
6362,3.00889
6363,3.00889
6364,3.00889
6365,3.00889
6366,3.00889
6367,3.00889
6368,3.00889
6369,3.00889
6370,3.00889
6371,3.00889
6372,3.00889
6373,3.00889
6374,3.00889
6375,3.00889
6376,3.00889
6377,3.00889
6378,3.00889
6379,3.00889
6380,3.00889
6381,3.00889
6382,3.00889
6383,3.00889
6384,3.00889
6385,3.00889
6386,3.00889
6387,3.00889
6388,3.00889
6389,3.00889
6390,3.00889
6391,3.00889
6392,3.00889
6393,3.00889
6394,3.00889
6395,3.00889
6396,3.00889
6397,3.00889
6398,3.00889
6399,3.00889
6400,3.00889
6401,3.00889
6402,3.00889
6403,3.00889
6404,3.00889
6405,3.00889
6406,3.00889
6407,3.00889
6408,3.00889
6409,3.00889
6410,3.00889
6411,3.00889
6412,3.00889
6413,3.00889
6414,3.00889
6415,3.00889
6416,3.00889
6417,3.00889
6418,3.00889
6419,3.00889
6420,3.00889
6421,3.00889
6422,3.00889
6423,3.00889
6424,3.00889
6425,3.00889
6426,3.00889
6427,3.00889
6428,3.00889
6429,3.00889
6430,3.00889
6431,3.00889
6432,3.00889
6433,3.00889
6434,3.00889
6435,3.00889
6436,3.00889
6437,3.00889
6438,3.00889
6439,3.00889
6440,3.00889
6441,3.00889
6442,3.00889
6443,3.00889
6444,3.00889
6445,3.00889
6446,3.00889
6447,3.00889
6448,3.00889
6449,3.00889
6450,3.00889
6451,3.00889
6452,3.00889
6453,3.00889
6454,3.00889
6455,3.00889
6456,3.00889
6457,3.00889
6458,3.00889
6459,3.00889
6460,3.00889
6461,3.00889
6462,3.00889
6463,3.00889
6464,3.00889
6465,3.00889
6466,3.00889
6467,3.00889
6468,3.00889
6469,3.00889
6470,3.00889
6471,3.00889
6472,3.00889
6473,3.00889
6474,3.00889
6475,3.00889
6476,3.00889
6477,3.00889
6478,3.00889
6479,3.00889
6480,3.00889
6481,3.00889
6482,3.00889
6483,3.00889
6484,3.00889
6485,3.00889
6486,3.00889
6487,3.00889
6488,3.00889
6489,3.00889
6490,3.00889
6491,3.00889
6492,3.00889
6493,3.00889
6494,3.00889
6495,3.00889
6496,3.00889
6497,3.00889
6498,3.00889
6499,3.00889
6500,3.00889
6501,3.00889
6502,3.00889
6503,3.00889
6504,3.00889
6505,3.00889
6506,3.00889
6507,3.00889
6508,3.00889
6509,3.00889
6510,3.00889
6511,3.00889
6512,3.00889
6513,3.00889
6514,3.00889
6515,3.00889
6516,3.00889
6517,3.00889
6518,3.00889
6519,3.00889
6520,3.00889
6521,3.00889
6522,3.00889
6523,3.00889
6524,3.00889
6525,3.00889
6526,3.00889
6527,3.00889
6528,3.00889
6529,3.00889
6530,3.00889
6531,3.00889
6532,3.00889
6533,3.00889
6534,3.00889
6535,3.00889
6536,3.00889
6537,3.00889
6538,3.00889
6539,3.00889
6540,3.00889
6541,3.00889
6542,3.00889
6543,3.00889
6544,3.00889
6545,3.00889
6546,3.00889
6547,3.00889
6548,3.00889
6549,3.00889
6550,3.00889
6551,3.00889
6552,3.00889
6553,3.00889
6554,3.00889
6555,3.00889
6556,3.00889
6557,3.00889
6558,3.00889
6559,3.00889
6560,3.00889
6561,3.00889
6562,3.00889
6563,3.00889
6564,3.00889
6565,3.00889
6566,3.00889
6567,3.00889
6568,3.00889
6569,3.00889
6570,3.00889
6571,3.00889
6572,3.00889
6573,3.00889
6574,3.00889
6575,3.00889
6576,3.00889
6577,3.00889
6578,3.00889
6579,3.00889
6580,3.00889
6581,3.00889
6582,3.00889
6583,3.00889
6584,3.00889
6585,3.00889
6586,3.00889
6587,3.00889
6588,3.00889
6589,3.00889
6590,3.00889
6591,3.00889
6592,3.00889
6593,3.00889
6594,3.00889
6595,3.00889
6596,3.00889
6597,3.00889
6598,3.00889
6599,3.00889
6600,3.00889
6601,3.00889
6602,3.00889
6603,3.00889
6604,3.00889
6605,3.00889
6606,3.00889
6607,3.00889
6608,3.00889
6609,3.00889
6610,3.00889
6611,3.00889
6612,3.00889
6613,3.00889
6614,3.00889
6615,3.00889
6616,3.00889
6617,3.00889
6618,3.00889
6619,3.00889
6620,3.00889
6621,3.00889
6622,3.00889
6623,3.00889
6624,3.00889
6625,3.00889
6626,3.00889
6627,3.00889
6628,3.00889
6629,3.00889
6630,3.00889
6631,3.00889
6632,3.00889
6633,3.00889
6634,3.00889
6635,3.00889
6636,3.00889
6637,3.00889
6638,3.00889
6639,3.00889
6640,3.00889
6641,3.00889
6642,3.00889
6643,3.00889
6644,3.00889
6645,3.00889
6646,3.00889
6647,3.00889
6648,3.00889
6649,3.00889
6650,3.00889
6651,3.00889
6652,3.00889
6653,3.00889
6654,3.00889
6655,3.00889
6656,3.00889
6657,3.00889
6658,3.00889
6659,3.00889
6660,3.00889
6661,3.00889
6662,3.00889
6663,3.00889
6664,3.00889
6665,3.00889
6666,3.00889
6667,3.00889
6668,3.00889
6669,3.00889
6670,3.00889
6671,3.00889
6672,3.00889
6673,3.00889
6674,3.00889
6675,3.00889
6676,3.00889
6677,3.00889
6678,3.00889
6679,3.00889
6680,3.00889
6681,3.00889
6682,3.00889
6683,3.00889
6684,3.00889
6685,3.00889
6686,3.00889
6687,3.00889
6688,3.00889
6689,3.00889
6690,3.00889
6691,3.00889
6692,3.00889
6693,3.00889
6694,3.00889
6695,3.00889
6696,3.00889
6697,3.00889
6698,3.00889
6699,3.00889
6700,3.00889
6701,3.00889
6702,3.00889
6703,3.00889
6704,3.00889
6705,3.00889
6706,3.00889
6707,3.00889
6708,3.00889
6709,3.00889
6710,3.00889
6711,3.00889
6712,3.00889
6713,3.00889
6714,3.00889
6715,3.00889
6716,3.00889
6717,3.00889
6718,3.00889
6719,3.00889
6720,3.00889
6721,3.00889
6722,3.00889
6723,3.00889
6724,3.00889
6725,3.00889
6726,3.00889
6727,3.00889
6728,3.00889
6729,3.00889
6730,3.00889
6731,3.00889
6732,3.00889
6733,3.00889
6734,3.00889
6735,3.00889
6736,3.00889
6737,3.00889
6738,3.00889
6739,3.00889
6740,3.00889
6741,3.00889
6742,3.00889
6743,3.00889
6744,3.00889
6745,3.00889
6746,3.00889
6747,3.00889
6748,3.00889
6749,3.00889
6750,3.00889
6751,3.00889
6752,3.00889
6753,3.00889
6754,3.00889
6755,3.00889
6756,3.00889
6757,3.00889
6758,3.00889
6759,3.00889
6760,3.00889
6761,3.00889
6762,3.00889
6763,3.00889
6764,3.00889
6765,3.00889
6766,3.00889
6767,3.00889
6768,3.00889
6769,3.00889
6770,3.00889
6771,3.00889
6772,3.00889
6773,3.00889
6774,3.00889
6775,3.00889
6776,3.00889
6777,3.00889
6778,3.00889
6779,3.00889
6780,3.00889
6781,3.00889
6782,3.00889
6783,3.00889
6784,3.00889
6785,3.00889
6786,3.00889
6787,3.00889
6788,3.00889
6789,3.00889
6790,3.00889
6791,3.00889
6792,3.00889
6793,3.00889
6794,3.00889
6795,3.00889
6796,3.00889
6797,3.00889
6798,3.00889
6799,3.00889
6800,3.00889
6801,3.00889
6802,3.00889
6803,3.00889
6804,3.00889
6805,3.00889
6806,3.00889
6807,3.00889
6808,3.00889
6809,3.00889
6810,3.00889
6811,3.00889
6812,3.00889
6813,3.00889
6814,3.00889
6815,3.00889
6816,3.00889
6817,3.00889
6818,3.00889
6819,3.00889
6820,3.00889
6821,3.00889
6822,3.00889
6823,3.00889
6824,3.00889
6825,3.00889
6826,3.00889
6827,3.00889
6828,3.00889
6829,3.00889
6830,3.00889
6831,3.00889
6832,3.00889
6833,3.00889
6834,3.00889
6835,3.00889
6836,3.00889
6837,3.00889
6838,3.00889
6839,3.00889
6840,3.00889
6841,3.00889
6842,3.00889
6843,3.00889
6844,3.00889
6845,3.00889
6846,3.00889
6847,3.00889
6848,3.00889
6849,3.00889
6850,3.00889
6851,3.00889
6852,3.00889
6853,3.00889
6854,3.00889
6855,3.00889
6856,3.00889
6857,3.00889
6858,3.00889
6859,3.00889
6860,3.00889
6861,3.00889
6862,3.00889
6863,3.00889
6864,3.00889
6865,3.00889
6866,3.00889
6867,3.00889
6868,3.00889
6869,3.00889
6870,3.00889
6871,3.00889
6872,3.00889
6873,3.00889
6874,3.00889
6875,3.00889
6876,3.00889
6877,3.00889
6878,3.00889
6879,3.00889
6880,3.00889
6881,3.00889
6882,3.00889
6883,3.00889
6884,3.00889
6885,3.00889
6886,3.00889
6887,3.00889
6888,3.00889
6889,3.00889
6890,3.00889
6891,3.00889
6892,3.00889
6893,3.00889
6894,3.00889
6895,3.00889
6896,3.00889
6897,3.00889
6898,3.00889
6899,3.00889
6900,3.00889
6901,3.00889
6902,3.00889
6903,3.00889
6904,3.00889
6905,3.00889
6906,3.00889
6907,3.00889
6908,3.00889
6909,3.00889
6910,3.00889
6911,3.00889
6912,3.00889
6913,3.00889
6914,3.00889
6915,3.00889
6916,3.00889
6917,3.00889
6918,3.00889
6919,3.00889
6920,3.00889
6921,3.00889
6922,3.00889
6923,3.00889
6924,3.00889
6925,3.00889
6926,3.00889
6927,3.00889
6928,3.00889
6929,3.00889
6930,3.00889
6931,3.00889
6932,3.00889
6933,3.00889
6934,3.00889
6935,3.00889
6936,3.00889
6937,3.00889
6938,3.00889
6939,3.00889
6940,3.00889
6941,3.00889
6942,3.00889
6943,3.00889
6944,3.00889
6945,3.00889
6946,3.00889
6947,3.00889
6948,3.00889
6949,3.00889
6950,3.00889
6951,3.00889
6952,3.00889
6953,3.00889
6954,3.00889
6955,3.00889
6956,3.00889
6957,3.00889
6958,3.00889
6959,3.00889
6960,3.00889
6961,3.00889
6962,3.00889
6963,3.00889
6964,3.00889
6965,3.00889
6966,3.00889
6967,3.00889
6968,3.00889
6969,3.00889
6970,3.00889
6971,3.00889
6972,3.00889
6973,3.00889
6974,3.00889
6975,3.00889
6976,3.00889
6977,3.00889
6978,3.00889
6979,3.00889
6980,3.00889
6981,3.00889
6982,3.00889
6983,3.00889
6984,3.00889
6985,3.00889
6986,3.00889
6987,3.00889
6988,3.00889
6989,3.00889
6990,3.00889
6991,3.00889
6992,3.00889
6993,3.00889
6994,3.00889
6995,3.00889
6996,3.00889
6997,3.00889
6998,3.00889
6999,3.00889
7000,3.00889
7001,3.00889
7002,3.00889
7003,3.00889
7004,3.00889
7005,3.00889
7006,3.00889
7007,3.00889
7008,3.00889
7009,3.00889
7010,3.00889
7011,3.00889
7012,3.00889
7013,3.00889
7014,3.00889
7015,3.00889
7016,3.00889
7017,3.00889
7018,3.00889
7019,3.00889
7020,3.00889
7021,3.00889
7022,3.00889
7023,3.00889
7024,3.00889
7025,3.00889
7026,3.00889
7027,3.00889
7028,3.00889
7029,3.00889
7030,3.00889
7031,3.00889
7032,3.00889
7033,3.00889
7034,3.00889
7035,3.00889
7036,3.00889
7037,3.00889
7038,3.00889
7039,3.00889
7040,3.00889
7041,3.00889
7042,3.00889
7043,3.00889
7044,3.00889
7045,3.00889
7046,3.00889
7047,3.00889
7048,3.00889
7049,3.00889
7050,3.00889
7051,3.00889
7052,3.00889
7053,3.00889
7054,3.00889
7055,3.00889
7056,3.00889
7057,3.00889
7058,3.00889
7059,3.00889
7060,3.00889
7061,3.00889
7062,3.00889
7063,3.00889
7064,3.00889
7065,3.00889
7066,3.00889
7067,3.00889
7068,3.00889
7069,3.00889
7070,3.00889
7071,3.00889
7072,3.00889
7073,3.00889
7074,3.00889
7075,3.00889
7076,3.00889
7077,3.00889
7078,3.00889
7079,3.00889
7080,3.00889
7081,3.00889
7082,3.00889
7083,3.00889
7084,3.00889
7085,3.00889
7086,3.00889
7087,3.00889
7088,3.00889
7089,3.00889
7090,3.00889
7091,3.00889
7092,3.00889
7093,3.00889
7094,3.00889
7095,3.00889
7096,3.00889
7097,3.00889
7098,3.00889
7099,3.00889
7100,3.00889
7101,3.00889
7102,3.00889
7103,3.00889
7104,3.00889
7105,3.00889
7106,3.00889
7107,3.00889
7108,3.00889
7109,3.00889
7110,3.00889
7111,3.00889
7112,3.00889
7113,3.00889
7114,3.00889
7115,3.00889
7116,3.00889
7117,3.00889
7118,3.00889
7119,3.00889
7120,3.00889
7121,3.00889
7122,3.00889
7123,3.00889
7124,3.00889
7125,3.00889
7126,3.00889
7127,3.00889
7128,3.00889
7129,3.00889
7130,3.00889
7131,3.00889
7132,3.00889
7133,3.00889
7134,3.00889
7135,3.00889
7136,3.00889
7137,3.00889
7138,3.00889
7139,3.00889
7140,3.00889
7141,3.00889
7142,3.00889
7143,3.00889
7144,3.00889
7145,3.00889
7146,3.00889
7147,3.00889
7148,3.00889
7149,3.00889
7150,3.00889
7151,3.00889
7152,3.00889
7153,3.00889
7154,3.00889
7155,3.00889
7156,3.00889
7157,3.00889
7158,3.00889
7159,3.00889
7160,3.00889
7161,3.00889
7162,3.00889
7163,3.00889
7164,3.00889
7165,3.00889
7166,3.00889
7167,3.00889
7168,3.00889
7169,3.00889
7170,3.00889
7171,3.00889
7172,3.00889
7173,3.00889
7174,3.00889
7175,3.00889
7176,3.00889
7177,3.00889
7178,3.00889
7179,3.00889
7180,3.00889
7181,3.00889
7182,3.00889
7183,3.00889
7184,3.00889
7185,3.00889
7186,3.00889
7187,3.00889
7188,3.00889
7189,3.00889
7190,3.00889
7191,3.00889
7192,3.00889
7193,3.00889
7194,3.00889
7195,3.00889
7196,3.00889
7197,3.00889
7198,3.00889
7199,3.00889
7200,3.00889
7201,3.00889
7202,3.00889
7203,3.00889
7204,3.00889
7205,3.00889
7206,3.00889
7207,3.00889
7208,3.00889
7209,3.00889
7210,3.00889
7211,3.00889
7212,3.00889
7213,3.00889
7214,3.00889
7215,3.00889
7216,3.00889
7217,3.00889
7218,3.00889
7219,3.00889
7220,3.00889
7221,3.00889
7222,3.00889
7223,3.00889
7224,3.00889
7225,3.00889
7226,3.00889
7227,3.00889
7228,3.00889
7229,3.00889
7230,3.00889
7231,3.00889
7232,3.00889
7233,3.00889
7234,3.00889
7235,3.00889
7236,3.00889
7237,3.00889
7238,3.00889
7239,3.00889
7240,3.00889
7241,3.00889
7242,3.00889
7243,3.00889
7244,3.00889
7245,3.00889
7246,3.00889
7247,3.00889
7248,3.00889
7249,3.00889
7250,3.00889
7251,3.00889
7252,3.00889
7253,3.00889
7254,3.00889
7255,3.00889
7256,3.00889
7257,3.00889
7258,3.00889
7259,3.00889
7260,3.00889
7261,3.00889
7262,3.00889
7263,3.00889
7264,3.00889
7265,3.00889
7266,3.00889
7267,3.00889
7268,3.00889
7269,3.00889
7270,3.00889
7271,3.00889
7272,3.00889
7273,3.00889
7274,3.00889
7275,3.00889
7276,3.00889
7277,3.00889
7278,3.00889
7279,3.00889
7280,3.00889
7281,3.00889
7282,3.00889
7283,3.00889
7284,3.00889
7285,3.00889
7286,3.00889
7287,3.00889
7288,3.00889
7289,3.00889
7290,3.00889
7291,3.00889
7292,3.00889
7293,3.00889
7294,3.00889
7295,3.00889
7296,3.00889
7297,3.00889
7298,3.00889
7299,3.00889
7300,3.00889
7301,3.00889
7302,3.00889
7303,3.00889
7304,3.00889
7305,3.00889
7306,3.00889
7307,3.00889
7308,3.00889
7309,3.00889
7310,3.00889
7311,3.00889
7312,3.00889
7313,3.00889
7314,3.00889
7315,3.00889
7316,3.00889
7317,3.00889
7318,3.00889
7319,3.00889
7320,3.00889
7321,3.00889
7322,3.00889
7323,3.00889
7324,3.00889
7325,3.00889
7326,3.00889
7327,3.00889
7328,3.00889
7329,3.00889
7330,3.00889
7331,3.00889
7332,3.00889
7333,3.00889
7334,3.00889
7335,3.00889
7336,3.00889
7337,3.00889
7338,3.00889
7339,3.00889
7340,3.00889
7341,3.00889
7342,3.00889
7343,3.00889
7344,3.00889
7345,3.00889
7346,3.00889
7347,3.00889
7348,3.00889
7349,3.00889
7350,3.00889
7351,3.00889
7352,3.00889
7353,3.00889
7354,3.00889
7355,3.00889
7356,3.00889
7357,3.00889
7358,3.00889
7359,3.00889
7360,3.00889
7361,3.00889
7362,3.00889
7363,3.00889
7364,3.00889
7365,3.00889
7366,3.00889
7367,3.00889
7368,3.00889
7369,3.00889
7370,3.00889
7371,3.00889
7372,3.00889
7373,3.00889
7374,3.00889
7375,3.00889
7376,3.00889
7377,3.00889
7378,3.00889
7379,3.00889
7380,3.00889
7381,3.00889
7382,3.00889
7383,3.00889
7384,3.00889
7385,3.00889
7386,3.00889
7387,3.00889
7388,3.00889
7389,3.00889
7390,3.00889
7391,3.00889
7392,3.00889
7393,3.00889
7394,3.00889
7395,3.00889
7396,3.00889
7397,3.00889
7398,3.00889
7399,3.00889
7400,3.00889
7401,3.00889
7402,3.00889
7403,3.00889
7404,3.00889
7405,3.00889
7406,3.00889
7407,3.00889
7408,3.00889
7409,3.00889
7410,3.00889
7411,3.00889
7412,3.00889
7413,3.00889
7414,3.00889
7415,3.00889
7416,3.00889
7417,3.00889
7418,3.00889
7419,3.00889
7420,3.00889
7421,3.00889
7422,3.00889
7423,3.00889
7424,3.00889
7425,3.00889
7426,3.00889
7427,3.00889
7428,3.00889
7429,3.00889
7430,3.00889
7431,3.00889
7432,3.00889
7433,3.00889
7434,3.00889
7435,3.00889
7436,3.00889
7437,3.00889
7438,3.00889
7439,3.00889
7440,3.00889
7441,3.00889
7442,3.00889
7443,3.00889
7444,3.00889
7445,3.00889
7446,3.00889
7447,3.00889
7448,3.00889
7449,3.00889
7450,3.00889
7451,3.00889
7452,3.00889
7453,3.00889
7454,3.00889
7455,3.00889
7456,3.00889
7457,3.00889
7458,3.00889
7459,3.00889
7460,3.00889
7461,3.00889
7462,3.00889
7463,3.00889
7464,3.00889
7465,3.00889
7466,3.00889
7467,3.00889
7468,3.00889
7469,3.00889
7470,3.00889
7471,3.00889
7472,3.00889
7473,3.00889
7474,3.00889
7475,3.00889
7476,3.00889
7477,3.00889
7478,3.00889
7479,3.00889
7480,3.00889
7481,3.00889
7482,3.00889
7483,3.00889
7484,3.00889
7485,3.00889
7486,3.00889
7487,3.00889
7488,3.00889
7489,3.00889
7490,3.00889
7491,3.00889
7492,3.00889
7493,3.00889
7494,3.00889
7495,3.00889
7496,3.00889
7497,3.00889
7498,3.00889
7499,3.00889
7500,3.00889
7501,3.00889
7502,3.00889
7503,3.00889
7504,3.00889
7505,3.00889
7506,3.00889
7507,3.00889
7508,3.00889
7509,3.00889
7510,3.00889
7511,3.00889
7512,3.00889
7513,3.00889
7514,3.00889
7515,3.00889
7516,3.00889
7517,3.00889
7518,3.00889
7519,3.00889
7520,3.00889
7521,3.00889
7522,3.00889
7523,3.00889
7524,3.00889
7525,3.00889
7526,3.00889
7527,0
7528,0
7529,0
7530,0
7531,0
7532,0
7533,0
7534,0
7535,0
7536,0
7537,0
7538,0
7539,0
7540,0
7541,0
7542,0
7543,0
7544,0
7545,0
7546,0
7547,0
7548,0
7549,0
7550,0
7551,0
7552,0
7553,0
7554,0
7555,0
7556,0
7557,0
7558,0
7559,0
7560,0
7561,0
7562,0
7563,0
7564,0
7565,0
7566,0
7567,0
7568,0
7569,0
7570,0
7571,0
7572,0
7573,0
7574,0
7575,0
7576,0
7577,0
7578,0
7579,0
7580,0
7581,0
7582,0
7583,0
7584,0
7585,0
7586,0
7587,0
7588,0
7589,0
7590,0
7591,0
7592,0
7593,0
7594,0
7595,0
7596,0
7597,0
7598,0
7599,0
7600,0
7601,0
7602,0
7603,0
7604,0
7605,0
7606,0
7607,0
7608,0
7609,0
7610,0
7611,0
7612,0
7613,0
7614,0
7615,0
7616,0
7617,0
7618,0
7619,0
7620,0
7621,0
7622,0
7623,0
7624,0
7625,0
7626,0
7627,0
7628,0
7629,0
7630,0
7631,0
7632,0
7633,0
7634,0
7635,0
7636,0
7637,0
7638,0
7639,0
7640,0
7641,0
7642,0
7643,0
7644,0
7645,0
7646,0
7647,0
7648,0
7649,0
7650,0
7651,0
7652,0
7653,0
7654,0
7655,0
7656,0
7657,0
7658,0
7659,0
7660,0
7661,0
7662,0
7663,0
7664,0
7665,0
7666,0
7667,0
7668,0
7669,0
7670,0
7671,0
7672,0
7673,0
7674,0
7675,0
7676,0
7677,0
7678,0
7679,0
7680,0
7681,0
7682,0
7683,0
7684,0
7685,0
7686,0
7687,0
7688,0
7689,0
7690,0
7691,0
7692,0
7693,0
7694,0
7695,0
7696,0
7697,0
7698,0
7699,0
7700,0
7701,0
7702,0
7703,0
7704,0
7705,0
7706,0
7707,0
7708,0
7709,0
7710,0
7711,0
7712,0
7713,0
7714,0
7715,0
7716,0
7717,0
7718,0
7719,0
7720,0
7721,0
7722,0
7723,0
7724,0
7725,0
7726,0
7727,0
7728,0
7729,0
7730,0
7731,0
7732,0
7733,0
7734,0
7735,0
7736,0
7737,0
7738,0
7739,0
7740,0
7741,0
7742,0
7743,0
7744,0
7745,0
7746,0
7747,0
7748,0
7749,0
7750,0
7751,0
7752,0
7753,0
7754,0
7755,0
7756,0
7757,0
7758,0
7759,0
7760,0
7761,0
7762,0
7763,0
7764,0
7765,0
7766,0
7767,0
7768,0
7769,0
7770,0
7771,0
7772,0
7773,0
7774,0
7775,0
7776,0
7777,0
7778,0
7779,0
7780,0
7781,0
7782,0
7783,0
7784,0
7785,0
7786,0
7787,0
7788,0
7789,0
7790,0
7791,0
7792,0
7793,0
7794,0
7795,0
7796,0
7797,0
7798,0
7799,0
7800,0
7801,0
7802,0
7803,0
7804,0
7805,0
7806,0
7807,0
7808,0
7809,0
7810,0
7811,0
7812,0
7813,0
7814,0
7815,0
7816,0
7817,0
7818,0
7819,0
7820,0
7821,0
7822,0
7823,0
7824,0
7825,0
7826,0
7827,0
7828,0
7829,0
7830,0
7831,0
7832,0
7833,0
7834,0
7835,0
7836,0
7837,0
7838,0
7839,0
7840,0
7841,0
7842,0
7843,0
7844,0
7845,0
7846,0
7847,0
7848,0
7849,0
7850,0
7851,0
7852,0
7853,0
7854,0
7855,0
7856,0
7857,0
7858,0
7859,0
7860,0
7861,0
7862,0
7863,0
7864,0
7865,0
7866,0
7867,0
7868,0
7869,0
7870,0
7871,0
7872,0
7873,0
7874,0
7875,0
7876,0
7877,0
7878,0
7879,0
7880,0
7881,0
7882,0
7883,0
7884,0
7885,0
7886,0
7887,0
7888,0
7889,0
7890,0
7891,0
7892,0
7893,0
7894,0
7895,0
7896,0
7897,0
7898,0
7899,0
7900,0
7901,0
7902,0
7903,0
7904,0
7905,0
7906,0
7907,0
7908,0
7909,0
7910,0
7911,0
7912,0
7913,0
7914,0
7915,0
7916,0
7917,0
7918,0
7919,0
7920,0
7921,0
7922,0
7923,0
7924,0
7925,0
7926,0
7927,0
7928,0
7929,0
7930,0
7931,0
7932,0
7933,0
7934,0
7935,0
7936,0
7937,0
7938,0
7939,0
7940,0
7941,0
7942,0
7943,0
7944,0
7945,0
7946,0
7947,0
7948,0
7949,0
7950,0
7951,0
7952,0
7953,0
7954,0
7955,0
7956,0
7957,0
7958,0
7959,0
7960,0
7961,0
7962,0
7963,0
7964,0
7965,0
7966,0
7967,0
7968,0
7969,0
7970,0
7971,0
7972,0
7973,0
7974,0
7975,0
7976,0
7977,0
7978,0
7979,0
7980,0
7981,0
7982,0
7983,0
7984,0
7985,0
7986,0
7987,0
7988,0
7989,0
7990,0
7991,0
7992,0
7993,0
7994,0
7995,0
7996,0
7997,0
7998,0
7999,0
8000,0
8001,0
8002,0
8003,0
8004,0
8005,0
8006,0
8007,0
8008,0
8009,0
8010,0
8011,0
8012,0
8013,0
8014,0
8015,0
8016,0
8017,0
8018,0
8019,0
8020,0
8021,0
8022,0
8023,0
8024,0
8025,0
8026,0
8027,0
8028,0
8029,0
8030,0
8031,0
8032,0
8033,0
8034,0
8035,0
8036,0
8037,0
8038,0
8039,0
8040,0
8041,0
8042,0
8043,0
8044,0
8045,0
8046,0
8047,0
8048,0
8049,0
8050,0
8051,0
8052,0
8053,0
8054,0
8055,0
8056,0
8057,0
8058,0
8059,0
8060,0
8061,0
8062,0
8063,0
8064,0
8065,0
8066,0
8067,0
8068,0
8069,0
8070,0
8071,0
8072,0
8073,0
8074,0
8075,0
8076,0
8077,0
8078,0
8079,0
8080,0
8081,0
8082,0
8083,0
8084,0
8085,0
8086,0
8087,0
8088,0
8089,0
8090,0
8091,0
8092,0
8093,0
8094,0
8095,0
8096,0
8097,0
8098,0
8099,0
8100,0
8101,0
8102,0
8103,0
8104,0
8105,0
8106,0
8107,0
8108,0
8109,0
8110,0
8111,0
8112,0
8113,0
8114,0
8115,0
8116,0
8117,0
8118,0
8119,0
8120,0
8121,0
8122,0
8123,0
8124,0
8125,0
8126,0
8127,0
8128,0
8129,0
8130,0
8131,0
8132,0
8133,0
8134,0
8135,0
8136,0
8137,0
8138,0
8139,0
8140,0
8141,0
8142,0
8143,0
8144,0
8145,0
8146,0
8147,0
8148,0
8149,0
8150,0
8151,0
8152,0
8153,0
8154,0
8155,0
8156,0
8157,0
8158,0
8159,0
8160,0
8161,0
8162,0
8163,0
8164,0
8165,0
8166,0
8167,0
8168,0
8169,0
8170,0
8171,0
8172,0
8173,0
8174,0
8175,0
8176,0
8177,0
8178,0
8179,0
8180,0
8181,0
8182,0
8183,0
8184,0
8185,0
8186,0
8187,0
8188,0
8189,0
8190,0
8191,0
8192,0
8193,0
8194,0
8195,0
8196,0
8197,0
8198,0
8199,0
8200,0
8201,0
8202,0
8203,0
8204,0
8205,0
8206,0
8207,0
8208,0
8209,0
8210,0
8211,0
8212,0
8213,0
8214,0
8215,0
8216,0
8217,0
8218,0
8219,0
8220,0
8221,0
8222,0
8223,0
8224,0
8225,0
8226,0
8227,0
8228,0
8229,0
8230,0
8231,0
8232,0
8233,0
8234,0
8235,0
8236,0
8237,0
8238,0
8239,0
8240,0
8241,0
8242,0
8243,0
8244,0
8245,0
8246,0
8247,0
8248,0
8249,0
8250,0
8251,0
8252,0
8253,0
8254,0
8255,0
8256,0
8257,0
8258,0
8259,0
8260,0
8261,0
8262,0
8263,0
8264,0
8265,0
8266,0
8267,0
8268,0
8269,0
8270,0
8271,0
8272,0
8273,0
8274,0
8275,0
8276,0
8277,0
8278,0
8279,0
8280,0
8281,0
8282,0
8283,0
8284,0
8285,0
8286,0
8287,0
8288,0
8289,0
8290,0
8291,0
8292,0
8293,0
8294,0
8295,0
8296,0
8297,0
8298,0
8299,0
8300,0
8301,0
8302,0
8303,0
8304,0
8305,0
8306,0
8307,0
8308,0
8309,0
8310,0
8311,0
8312,0
8313,0
8314,0
8315,0
8316,0
8317,0
8318,0
8319,0
8320,0
8321,0
8322,0
8323,0
8324,0
8325,0
8326,0
8327,0
8328,0
8329,0
8330,0
8331,0
8332,0
8333,0
8334,0
8335,0
8336,0
8337,0
8338,0
8339,0
8340,0
8341,0
8342,0
8343,0
8344,0
8345,0
8346,0
8347,0
8348,0
8349,0
8350,0
8351,0
8352,0
8353,0
8354,0
8355,0
8356,0
8357,0
8358,0
8359,0
8360,0
8361,0
8362,0
8363,0
8364,0
8365,0
8366,0
8367,0
8368,0
8369,0
8370,0
8371,0
8372,0
8373,0
8374,0
8375,0
8376,0
8377,0
8378,0
8379,0
8380,0
8381,0
8382,0
8383,0
8384,0
8385,0
8386,0
8387,0
8388,0
8389,0
8390,0
8391,0
8392,0
8393,0
8394,0
8395,0
8396,0
8397,0
8398,0
8399,0
8400,0
8401,0
8402,0
8403,0
8404,0
8405,0
8406,0
8407,0
8408,0
8409,0
8410,0
8411,0
8412,0
8413,0
8414,0
8415,0
8416,0
8417,0
8418,0
8419,0
8420,0
8421,0
8422,0
8423,0
8424,0
8425,0
8426,0
8427,0
8428,0
8429,0
8430,0
8431,0
8432,0
8433,0
8434,0
8435,0
8436,0
8437,0
8438,0
8439,0
8440,0
8441,0
8442,0
8443,0
8444,0
8445,0
8446,0
8447,0
8448,0
8449,0
8450,0
8451,0
8452,0
8453,0
8454,0
8455,0
8456,0
8457,0
8458,0
8459,0
8460,0
8461,0
8462,0
8463,0
8464,0
8465,0
8466,0
8467,0
8468,0
8469,0
8470,0
8471,0
8472,0
8473,0
8474,0
8475,0
8476,0
8477,0
8478,0
8479,0
8480,0
8481,0
8482,0
8483,0
8484,0
8485,0
8486,0
8487,0
8488,0
8489,0
8490,0
8491,0
8492,0
8493,0
8494,0
8495,0
8496,0
8497,0
8498,0
8499,0
8500,0
8501,0
8502,0
8503,0
8504,0
8505,0
8506,0
8507,0
8508,0
8509,0
8510,0
8511,0
8512,0
8513,0
8514,0
8515,0
8516,0
8517,0
8518,0
8519,0
8520,0
8521,0
8522,0
8523,0
8524,0
8525,0
8526,0
8527,0
8528,0
8529,0
8530,0
8531,0
8532,0
8533,0
8534,0
8535,0
8536,0
8537,0
8538,0
8539,0
8540,0
8541,0
8542,0
8543,0
8544,0
8545,0
8546,0
8547,0
8548,0
8549,0
8550,0
8551,0
8552,0
8553,0
8554,0
8555,0
8556,0
8557,0
8558,0
8559,0
8560,0
8561,0
8562,0
8563,0
8564,0
8565,0
8566,0
8567,0
8568,0
8569,0
8570,0
8571,0
8572,0
8573,0
8574,0
8575,0
8576,0
8577,0
8578,0
8579,0
8580,0
8581,0
8582,0
8583,0
8584,0
8585,0
8586,0
8587,0
8588,0
8589,0
8590,0
8591,0
8592,0
8593,0
8594,0
8595,0
8596,0
8597,0
8598,0
8599,0
8600,0
8601,0
8602,0
8603,0
8604,0
8605,0
8606,0
8607,0
8608,0
8609,0
8610,0
8611,0
8612,0
8613,0
8614,0
8615,0
8616,0
8617,0
8618,0
8619,0
8620,0
8621,0
8622,0
8623,0
8624,0
8625,0
8626,0
8627,0
8628,0
8629,0
8630,0
8631,0
8632,0
8633,0
8634,0
8635,0
8636,0
8637,0
8638,0
8639,0
8640,0
8641,0
8642,0
8643,0
8644,0
8645,0
8646,0
8647,0
8648,0
8649,0
8650,0
8651,0
8652,0
8653,0
8654,0
8655,0
8656,0
8657,0
8658,0
8659,0
8660,0
8661,0
8662,0
8663,0
8664,0
8665,0
8666,0
8667,0
8668,0
8669,0
8670,0
8671,0
8672,0
8673,0
8674,0
8675,0
8676,0
8677,0
8678,0
8679,0
8680,0
8681,0
8682,0
8683,0
8684,0
8685,0
8686,0
8687,0
8688,0
8689,0
8690,0
8691,0
8692,0
8693,0
8694,0
8695,0
8696,0
8697,0
8698,0
8699,0
8700,0
8701,0
8702,0
8703,0
8704,0
8705,0
8706,0
8707,0
8708,0
8709,0
8710,0
8711,0
8712,0
8713,0
8714,0
8715,0
8716,0
8717,0
8718,0
8719,0
8720,0
8721,0
8722,0
8723,0
8724,0
8725,0
8726,0
8727,0
8728,0
8729,0
8730,0
8731,0
8732,0
8733,0
8734,0
8735,0
8736,0
8737,0
8738,0
8739,0
8740,0
8741,0
8742,0
8743,0
8744,0
8745,0
8746,0
8747,0
8748,0
8749,0
8750,0
8751,0
8752,0
8753,0
8754,0
8755,0
8756,0
8757,0
8758,0
8759,0
8760,0
8761,0
8762,0
8763,0
8764,0
8765,0
8766,0
8767,0
8768,0
8769,0
8770,0
8771,0
8772,0
8773,0
8774,0
8775,0
8776,0
8777,0
8778,0
8779,0
8780,0
8781,0
8782,0
8783,0
8784,0
8785,0
8786,0
8787,0
8788,0
8789,0
8790,0
8791,0
8792,0
8793,0
8794,0
8795,0
8796,0
8797,0
8798,0
8799,0
8800,0
8801,0
8802,0
8803,0
8804,0
8805,0
8806,0
8807,0
8808,0
8809,0
8810,0
8811,0
8812,0
8813,0
8814,0
8815,0
8816,0
8817,0
8818,0
8819,0
8820,0
8821,0
8822,0
8823,0
8824,0
8825,0
8826,0
8827,0
8828,0
8829,0
8830,0
8831,0
8832,0
8833,0
8834,0
8835,0
8836,0
8837,0
8838,0
8839,0
8840,0
8841,0
8842,0
8843,0
8844,0
8845,0
8846,0
8847,0
8848,0
8849,0
8850,0
8851,0
8852,0
8853,0
8854,0
8855,0
8856,0
8857,0
8858,0
8859,0
8860,0
8861,0
8862,0
8863,0
8864,0
8865,0
8866,0
8867,0
8868,0
8869,0
8870,0
8871,0
8872,0
8873,0
8874,0
8875,0
8876,0
8877,0
8878,0
8879,0
8880,0
8881,0
8882,0
8883,0
8884,0
8885,0
8886,0
8887,0
8888,0
8889,0
8890,0
8891,0
8892,0
8893,0
8894,0
8895,0
8896,0
8897,0
8898,0
8899,0
8900,0
8901,0
8902,0
8903,0
8904,0
8905,0
8906,0
8907,0
8908,0
8909,0
8910,0
8911,0
8912,0
8913,0
8914,0
8915,0
8916,0
8917,0
8918,0
8919,0
8920,0
8921,0
8922,0
8923,0
8924,0
8925,0
8926,0
8927,0
8928,0
8929,0
8930,0
8931,0
8932,0
8933,0
8934,0
8935,0
8936,0
8937,0
8938,0
8939,0
8940,0
8941,0
8942,0
8943,0
8944,0
8945,0
8946,0
8947,0
8948,0
8949,0
8950,0
8951,0
8952,0
8953,0
8954,0
8955,0
8956,0
8957,0
8958,0
8959,0
8960,0
8961,0
8962,0
8963,0
8964,0
8965,0
8966,0
8967,0
8968,0
8969,0
8970,0
8971,0
8972,0
8973,0
8974,0
8975,0
8976,0
8977,0
8978,0
8979,0
8980,0
8981,0
8982,0
8983,0
8984,0
8985,0
8986,0
8987,0
8988,0
8989,0
8990,0
8991,0
8992,0
8993,0
8994,0
8995,0
8996,0
8997,0
8998,0
8999,0
9000,0
9001,0
9002,0
9003,0
9004,0
9005,0
9006,0
9007,0
9008,0
9009,0
9010,0
9011,0
9012,0
9013,0
9014,0
9015,0
9016,0
9017,0
9018,0
9019,0
9020,0
9021,0
9022,0
9023,0
9024,0
9025,0
9026,0
9027,0
9028,0
9029,0
9030,0
9031,0
9032,0
9033,0
9034,0
9035,0
9036,0
9037,0
9038,0
9039,0
9040,0
9041,0
9042,0
9043,0
9044,0
9045,0
9046,0
9047,0
9048,0
9049,0
9050,0
9051,0
9052,0
9053,0
9054,0
9055,0
9056,0
9057,0
9058,0
9059,0
9060,0
9061,0
9062,0
9063,0
9064,0
9065,0
9066,0
9067,0
9068,0
9069,0
9070,0
9071,0
9072,0
9073,0
9074,0
9075,0
9076,0
9077,0
9078,0
9079,0
9080,0
9081,0
9082,0
9083,0
9084,0
9085,0
9086,0
9087,0
9088,0
9089,0
9090,0
9091,0
9092,0
9093,0
9094,0
9095,0
9096,0
9097,0
9098,0
9099,0
9100,0
9101,0
9102,0
9103,0
9104,0
9105,0
9106,0
9107,0
9108,0
9109,0
9110,0
9111,0
9112,0
9113,0
9114,0
9115,0
9116,0
9117,0
9118,0
9119,0
9120,0
9121,0
9122,0
9123,0
9124,0
9125,0
9126,0
9127,0
9128,0
9129,0
9130,0
9131,0
9132,0
9133,0
9134,0
9135,0
9136,0
9137,0
9138,0
9139,0
9140,0
9141,0
9142,0
9143,0
9144,0
9145,0
9146,0
9147,0
9148,0
9149,0
9150,0
9151,0
9152,0
9153,0
9154,0
9155,0
9156,0
9157,0
9158,0
9159,0
9160,0
9161,0
9162,0
9163,0
9164,0
9165,0
9166,0
9167,0
9168,0
9169,0
9170,0
9171,0
9172,0
9173,0
9174,0
9175,0
9176,0
9177,0
9178,0
9179,0
9180,0
9181,0
9182,0
9183,0
9184,0
9185,0
9186,0
9187,0
9188,0
9189,0
9190,0
9191,0
9192,0
9193,0
9194,0
9195,0
9196,0
9197,0
9198,0
9199,0
9200,0
9201,0
9202,0
9203,0
9204,0
9205,0
9206,0
9207,0
9208,0
9209,0
9210,0
9211,0
9212,0
9213,0
9214,0
9215,0
9216,0
9217,0
9218,0
9219,0
9220,0
9221,0
9222,0
9223,0
9224,0
9225,0
9226,0
9227,0
9228,0
9229,0
9230,0
9231,0
9232,0
9233,0
9234,0
9235,0
9236,0
9237,0
9238,0
9239,0
9240,0
9241,0
9242,0
9243,0
9244,0
9245,0
9246,0
9247,0
9248,0
9249,0
9250,0
9251,0
9252,0
9253,0
9254,0
9255,0
9256,0
9257,0
9258,0
9259,0
9260,0
9261,0
9262,0
9263,0
9264,0
9265,0
9266,0
9267,0
9268,0
9269,0
9270,0
9271,0
9272,0
9273,0
9274,0
9275,0
9276,0
9277,0
9278,0
9279,0
9280,0
9281,0
9282,0
9283,0
9284,0
9285,0
9286,0
9287,0
9288,0
9289,0
9290,0
9291,0
9292,0
9293,0
9294,0
9295,0
9296,0
9297,0
9298,0
9299,0
9300,0
9301,0
9302,0
9303,0
9304,0
9305,0
9306,0
9307,0
9308,0
9309,0
9310,0
9311,0
9312,0
9313,0
9314,0
9315,0
9316,0
9317,0
9318,0
9319,0
9320,0
9321,0
9322,0
9323,0
9324,0
9325,0
9326,0
9327,0
9328,0
9329,0
9330,0
9331,0
9332,0
9333,0
9334,0
9335,0
9336,0
9337,0
9338,0
9339,0
9340,0
9341,0
9342,0
9343,0
9344,0
9345,0
9346,0
9347,0
9348,0
9349,0
9350,0
9351,0
9352,0
9353,0
9354,0
9355,0
9356,0
9357,0
9358,0
9359,0
9360,0
9361,0
9362,0
9363,0
9364,0
9365,0
9366,0
9367,0
9368,0
9369,0
9370,0
9371,0
9372,0
9373,0
9374,0
9375,0
9376,0
9377,0
9378,0
9379,0
9380,0
9381,0
9382,0
9383,0
9384,0
9385,0
9386,0
9387,0
9388,0
9389,0
9390,0
9391,0
9392,0
9393,0
9394,0
9395,0
9396,0
9397,0
9398,0
9399,0
9400,0
9401,0
9402,0
9403,0
9404,0
9405,0
9406,0
9407,0
9408,0
9409,0
9410,0
9411,0
9412,0
9413,0
9414,0
9415,0
9416,0
9417,0
9418,0
9419,0
9420,0
9421,0
9422,0
9423,0
9424,0
9425,0
9426,0
9427,0
9428,0
9429,0
9430,0
9431,0
9432,0
9433,0
9434,0
9435,0
9436,0
9437,0
9438,0
9439,0
9440,0
9441,0
9442,0
9443,0
9444,0
9445,0
9446,0
9447,0
9448,0
9449,0
9450,0
9451,0
9452,0
9453,0
9454,0
9455,0
9456,0
9457,0
9458,0
9459,0
9460,0
9461,0
9462,0
9463,0
9464,0
9465,0
9466,0
9467,0
9468,0
9469,0
9470,0
9471,0
9472,0
9473,0
9474,0
9475,0
9476,0
9477,0
9478,0
9479,0
9480,0
9481,0
9482,0
9483,0
9484,0
9485,0
9486,0
9487,0
9488,0
9489,0
9490,0
9491,0
9492,0
9493,0
9494,0
9495,0
9496,0
9497,0
9498,0
9499,0
9500,0
9501,0
9502,0
9503,0
9504,0
9505,0
9506,0
9507,0
9508,0
9509,0
9510,0
9511,0
9512,0
9513,0
9514,0
9515,0
9516,0
9517,0
9518,0
9519,0
9520,0
9521,0
9522,0
9523,0
9524,0
9525,0
9526,0
9527,0
9528,0
9529,0
9530,0
9531,0
9532,0
9533,0
9534,0
9535,0
9536,0
9537,0
9538,0
9539,0
9540,0
9541,0
9542,0
9543,0
9544,0
9545,0
9546,0
9547,0
9548,0
9549,0
9550,0
9551,0
9552,0
9553,0
9554,0
9555,0
9556,0
9557,0
9558,0
9559,0
9560,0
9561,0
9562,0
9563,0
9564,0
9565,0
9566,0
9567,0
9568,0
9569,0
9570,0
9571,0
9572,0
9573,0
9574,0
9575,0
9576,0
9577,0
9578,0
9579,0
9580,0
9581,0
9582,0
9583,0
9584,0
9585,0
9586,0
9587,0
9588,0
9589,0
9590,0
9591,0
9592,0
9593,0
9594,0
9595,0
9596,0
9597,0
9598,0
9599,0
9600,0
9601,0
9602,0
9603,0
9604,0
9605,0
9606,0
9607,0
9608,0
9609,0
9610,0
9611,0
9612,0
9613,0
9614,0
9615,0
9616,0
9617,0
9618,0
9619,0
9620,0
9621,0
9622,0
9623,0
9624,0
9625,0
9626,0
9627,0
9628,0
9629,0
9630,0
9631,0
9632,0
9633,0
9634,0
9635,0
9636,0
9637,0
9638,0
9639,0
9640,0
9641,0
9642,0
9643,0
9644,0
9645,0
9646,0
9647,0
9648,0
9649,0
9650,0
9651,0
9652,0
9653,0
9654,0
9655,0
9656,0
9657,0
9658,0
9659,0
9660,0
9661,0
9662,0
9663,0
9664,0
9665,0
9666,0
9667,0
9668,0
9669,0
9670,0
9671,0
9672,0
9673,0
9674,0
9675,0
9676,0
9677,0
9678,0
9679,0
9680,0
9681,0
9682,0
9683,0
9684,0
9685,0
9686,0
9687,0
9688,0
9689,0
9690,0
9691,0
9692,0
9693,0
9694,0
9695,0
9696,0
9697,0
9698,0
9699,0
9700,0
9701,0
9702,0
9703,0
9704,0
9705,0
9706,0
9707,0
9708,0
9709,0
9710,0
9711,0
9712,0
9713,0
9714,0
9715,0
9716,0
9717,0
9718,0
9719,0
9720,0
9721,0
9722,0
9723,0
9724,0
9725,0
9726,0
9727,0
9728,0
9729,0
9730,0
9731,0
9732,0
9733,0
9734,0
9735,0
9736,0
9737,0
9738,0
9739,0
9740,0
9741,0
9742,0
9743,0
9744,0
9745,0
9746,0
9747,0
9748,0
9749,0
9750,0
9751,0
9752,0
9753,0
9754,0
9755,0
9756,0
9757,0
9758,0
9759,0
9760,0
9761,0
9762,0
9763,0
9764,0
9765,0
9766,0
9767,0
9768,0
9769,0
9770,0
9771,0
9772,0
9773,0
9774,0
9775,0
9776,0
9777,0
9778,0
9779,0
9780,0
9781,0
9782,0
9783,0
9784,0
9785,0
9786,0
9787,0
9788,0
9789,0
9790,0
9791,0
9792,0
9793,0
9794,0
9795,0
9796,0
9797,0
9798,0
9799,0
9800,0
9801,0
9802,0
9803,0
9804,0
9805,0
9806,0
9807,0
9808,0
9809,0
9810,0
9811,0
9812,0
9813,0
9814,0
9815,0
9816,0
9817,0
9818,0
9819,0
9820,0
9821,0
9822,0
9823,0
9824,0
9825,0
9826,0
9827,0
9828,0
9829,0
9830,0
9831,0
9832,0
9833,0
9834,0
9835,0
9836,0
9837,0
9838,0
9839,0
9840,0
9841,0
9842,0
9843,0
9844,0
9845,0
9846,0
9847,0
9848,0
9849,0
9850,0
9851,0
9852,0
9853,0
9854,0
9855,0
9856,0
9857,0
9858,0
9859,0
9860,0
9861,0
9862,0
9863,0
9864,0
9865,0
9866,0
9867,0
9868,0
9869,0
9870,0
9871,0
9872,0
9873,0
9874,0
9875,0
9876,0
9877,0
9878,0
9879,0
9880,0
9881,0
9882,0
9883,0
9884,0
9885,0
9886,0
9887,0
9888,0
9889,0
9890,0
9891,0
9892,0
9893,0
9894,0
9895,0
9896,0
9897,0
9898,0
9899,0
9900,0
9901,0
9902,0
9903,0
9904,0
9905,0
9906,0
9907,0
9908,0
9909,0
9910,0
9911,0
9912,0
9913,0
9914,0
9915,0
9916,0
9917,0
9918,0
9919,0
9920,0
9921,0
9922,0
9923,0
9924,0
9925,0
9926,0
9927,0
9928,0
9929,0
9930,0
9931,0
9932,0
9933,0
9934,0
9935,0
9936,0
9937,0
9938,0
9939,0
9940,0
9941,0
9942,0
9943,0
9944,0
9945,0
9946,0
9947,0
9948,0
9949,0
9950,0
9951,0
9952,0
9953,0
9954,0
9955,0
9956,0
9957,0
9958,0
9959,0
9960,0
9961,0
9962,0
9963,0
9964,0
9965,0
9966,0
9967,0
9968,0
9969,0
9970,0
9971,0
9972,0
9973,0
9974,0
9975,0
9976,0
9977,0
9978,0
9979,0
9980,0
9981,0
9982,0
9983,0
9984,0
9985,0
9986,0
9987,0
9988,0
9989,0
9990,0
9991,0
9992,0
9993,0
9994,0
9995,0
9996,0
9997,0
9998,0
9999,0
10000,0
