1,45
3,74
4,90
6,90
12,50
15,60
16,50
18,10,30
21,60,70
22,80,90
24,0,40,80
25,30,40
42,11
43,11,21
47,1
48,61
69,62
71,62
73,12,32
75,2
79,2
80,52
86,13
92,65
97,73
98,43,93
101,3,53,63
105,83
111,64
117,14
121,24,94
122,4
123,94
124,24,34
130,55
144,45
145,35
146,85
147,15
149,45,85,95
162,39
163,16
167,66
172,16
173,66
183,87
184,67
191,7,27
195,37
196,27,67
198,67
200,77
201,7
206,87
221,68
225,48,58
234,89
238,99
245,29
260,39
268,60
269,99
270,30
275,20,40,50,70
278,30
282,36
289,31
295,11,31
299,81,86
301,41
314,62
320,72
322,12
325,52,62
326,62
340,83
349,63,73
350,63
365,64
369,14
371,54
373,24,64
388,55
389,5
392,45
396,75
398,65
399,65
400,15,35
401,85
411,36
414,6
417,26
418,36
419,36,56
424,46
427,16,26
434,7,36
441,57
442,67
443,87
444,87
447,17
451,37
470,68
472,8,58
473,18
475,58
477,28
495,49
497,49
501,19
507,90
508,90
511,20
513,16
514,40
515,58
516,70,80
522,40
523,10
528,80
529,40
546,81
548,31,41
549,11
550,57,81
551,81
560,82
563,92
564,12
566,82
568,82
570,22,82
571,2
575,12
587,13
591,43
595,13,93
597,13
599,33,93
600,23
603,53
614,94
618,64
620,24
623,44
624,84
637,35
643,85
644,95
646,15
648,55
658,6
665,16
666,16
667,98
671,36,66
674,26,46
681,57
685,47
686,87,97
697,17,27
698,97
699,7
702,7,27
715,48
718,68
721,98
723,48
724,18
744,39,69
746,69
747,49,99
748,69
749,79
750,39
752,19
761,70
767,50,60,90
769,30,90
781,40
782,1
787,51
788,41
791,71
793,31,81
794,31
796,1
799,41
821,52
822,92
823,82
824,72
845,63
846,13,43
850,13
857,54
862,86
867,94
868,44
872,24
874,4
875,34
893,5
899,35
900,15
901,5
909,16
914,36
915,36
918,56,86
922,76,96
923,96
936,67
938,97
939,37
943,57
946,47
948,27
949,17
952,67
973,33
989,89
993,29,69,89
994,19
995,39
997,29
999,49
1001,79
1017,70,80
1042,1
1043,21
1046,11
1049,91
1051,51
1063,82
1067,2
1068,22
1071,72
1093,43,73
1098,73,93
1099,83
1116,4
1120,74
1123,54
1124,24,84
1136,5
1137,35
1148,55
1165,86
1166,36
1168,16
1172,76
1173,16
1174,76
1190,7,67
1195,47
1202,97
1212,38
1214,48
1218,58,78
1219,98
1222,88
1223,88
1225,18
1231,29
1237,38
1239,9
1241,69
1242,49
1244,9,19
1249,59
1251,39
1265,0
1268,20
1269,70
1274,80
1275,50
1289,1
1291,71
1293,91
1296,91
1297,1
1298,21
1299,61
1300,48,91
1303,71
1313,82
1316,62
1317,62
1319,82
1321,82
1325,42
1337,73
1344,53
1346,83
1347,3,23
1349,13
1350,13,33
1352,63
1365,74
1371,44
1372,84
1390,5,75
1396,75
1397,5,45
1398,85
1399,65,95
1401,25,65
1405,96
1407,9
1410,36
1412,66
1414,6
1415,96
1417,66
1418,66
1423,66
1424,96
1439,87
1446,77
1447,37,77
1448,97
1449,87
1450,87,97
1462,68
1463,28,68
1464,8
1465,88
1469,28
1471,28
1472,8
1474,98
1476,68
1479,88
1485,14,39
1491,39
1492,9
1493,59
1497,49
1499,49
1501,59,89
1506,60
1513,50
1514,90
1524,0,50
1525,0
1547,1
1549,41
1550,81
1551,91
1554,91
1563,52
1566,92
1570,12
1571,42
1593,33,83
1595,47
1598,73,83
1610,84
1614,44
1616,64
1619,4
1634,35
1639,15
1642,25
1645,15
1647,95
1648,95
1649,45,85
1664,16
1667,16
1670,56
1671,16,96
1672,36
1674,96
1679,27
1684,37
1686,27
1687,57
1691,97
1692,7,87
1693,37
1698,7,80
1699,57,77
1715,18
1722,18
1735,49
1744,9,49,99
1749,49
1750,19
1751,29
1757,70
1761,90
1762,60
1767,0,40
1769,80
1770,20
1772,30
1791,71
1795,71
1798,31,81
1811,52
1812,92
1815,42
1819,2
1825,72
1835,93
1840,93
1841,70
1843,13
1844,53
1845,3
1848,73
1856,19
1862,14
1864,24
1868,44,94
1869,64
1879,50
1884,41
1885,65
1889,85
1891,25
1895,25,85,95
1897,5
1898,55
1901,55
1906,56
1914,56
1916,76
1918,16,76
1924,56,66
1933,77,87
1936,57
1938,7,87
1940,87
1941,17
1946,97
1959,88
1968,48
1969,58
1973,8,88
1974,18,28
1975,18,78
1976,78
1986,19
1987,19
1989,29
1991,99
1993,79
1994,29,39
1999,79
2000,89
2016,50
2018,0
2020,0
2021,50
2023,40,70
2024,60
2026,10
2032,99
2036,71
2045,31
2047,21,51
2050,61
2066,22
2067,82
2068,2,42
2071,92
2073,92
2075,82
2076,12
2091,63
2094,53
2095,83
2096,83
2097,13,93
2098,3
2099,73
2100,83
2103,43
2112,94
2116,14
2119,4
2122,14,24,64,84
2124,54
2148,25
2174,26
2184,27
2186,87
2194,87
2195,17,20,67
2203,37
2219,38
2220,8,18
2221,48,98
2223,58
2225,58
2228,58
2238,29
2241,69
2243,89
2247,39,79,99
2248,39
2249,19,39
2250,59
2253,69,78
2260,40
2264,60
2267,60
2269,80
2270,50
2272,50,80
2287,61
2288,11
2298,71
2304,42
2319,62
2329,53
2331,53
2337,12
2343,23,53
2348,53
2366,4,24
2370,14
2373,84
2375,64
2387,55
2396,75
2397,25
2398,85
2407,36
2423,76
2425,6
2426,76
2436,27
2443,87
2444,27
2448,57
2449,7
2450,37
2460,68
2469,28
2471,18,88
2473,18
2474,88
2484,39
2491,69
2492,19
2493,9
2497,69
2499,9,29
2501,69
2516,0
2522,30
2525,30
2542,41,91
2546,11,21
2547,51
2548,51,61
2549,61,91
2550,71
2567,22,52
2570,42
2572,42,72
2574,42
2576,12
2582,92
2596,73
2597,73
2598,63
2599,33
2601,43
2613,24,54
2614,84
2621,4
2624,4,64
2625,24
2626,14,74,94
2630,64
2632,24
2634,84
2641,25
2642,75
2647,45
2649,35,85
2651,35
2661,36
2665,6
2666,16
2670,16
2671,66
2672,86
2675,76
2676,56
2680,13
2693,27
2698,7
2699,97
2700,17
2712,68
2720,38
2726,98
2727,48
2729,68
2741,39,59
2743,49
2745,49,69
2746,29
2749,79
2750,19,49,59
2755,19
2756,75
2762,20
2765,40
2770,10
2771,40,90
2772,40
2774,40
2791,51
2793,71
2796,41
2799,51
2812,42
2814,62
2821,52
2824,32
2830,82
2834,3
2835,33,73
2839,3
2840,43
2842,23
2847,73
2848,73
2865,24
2869,34,54,84
2870,24
2871,14,44
2872,74,84
2873,74,84
2874,54
2875,84
2885,25
2887,95
2889,25,85
2893,45
2895,55,95
2899,25
2900,5
2920,46,76,86
2921,86
2922,26
2923,96
2924,45,86
2926,56
2927,16
2936,37
2939,37
2940,7
2942,37
2943,37
2945,7,65
2948,47,97
2949,57
2963,9
2965,18
2967,38,98
2968,28,38
2969,18,48
2972,98
2973,58
2974,38
2977,68
2981,29
2991,39
2998,9
3000,79
3002,40
3009,80
3016,0
3021,90
3022,60
3023,40
3024,40
3026,0
3027,90
3038,11,41
3040,91
3043,81
3046,1
3049,41,61
3050,41
3052,57
3058,42
3059,22
3065,92
3067,32
3071,22
3074,42
3086,83
3088,63,83
3101,83
3111,84
3113,94
3116,64
3117,4
3119,34
3135,34
3138,45
3140,55
3141,35
3142,5,35
3144,55
3145,75
3148,45
3149,25,55
3152,35
3157,26
3161,96
3164,6
3166,86
3167,86
3170,76
3172,26,36
3174,36
3175,96
3188,67
3190,17
3191,47
3193,67,97
3195,67
3197,7
3198,77
3213,28
3220,28
3221,58
3223,48,98
3224,48
3225,78
3241,69
3247,19
3249,9,59,79
3251,99
3260,90
3262,81
3263,60
3264,50
3267,10,40
3268,0
3269,0
3272,0
3273,0,80
3274,80
3284,1
3292,91
3293,41
3294,41
3299,1
3300,71
3308,12
3313,92
3317,42
3319,22
3323,62
3325,2,92
3326,22
3345,13,63
3346,83
3348,93
3349,93
3351,83
3363,64
3367,4
3370,54
3372,4
3390,75
3394,15
3396,75
3401,75
3418,16
3439,37,77,84
3440,57
3441,47
3442,87
3444,77
3447,67
3448,17
3450,47,67
3458,47
3465,38
3470,68
3471,88
3473,58
3477,58
3485,19
3486,69
3487,9
3492,59
3498,89
3500,59
3501,69
3503,99
3504,19
3508,49
3515,50
3517,10
3522,0,10
3524,0,90
3530,40
3536,41
3541,61
3542,81
3544,71,81
3555,41
3556,82
3557,82
3564,82
3565,32,52
3571,52
3572,72
3585,63
3596,13
3598,63
3599,83
3600,23
3616,44
3620,14
3621,64
3624,44
3640,35
3643,85
3647,65
3648,45
3651,95
3661,56
3664,76
3665,56
3666,56
3667,46
3670,26
3674,66
3676,76
3686,77
3692,17
3693,47,57
3697,7,11
3699,17,57,67,77
3701,67
3720,28,68
3721,28
3733,89
3741,59
3742,69
3743,89
3745,9
3747,19
3749,29
3752,19
3763,70
3764,50
3768,90
3770,20,50,60
3774,50,80
3791,71
3797,81
3798,31,71,81
3799,21
3813,72
3820,52
3822,2
3824,52
3825,52
3837,63
3840,23
3845,43
3847,83
3851,43
3853,34
3864,7
3865,4
3867,44
3872,4,24
3874,84
3877,34
3896,5
3899,5,25
3916,96
3917,6,16,76
3922,46,66
3923,36
3925,16
3938,57
3945,37
3948,77,87
3952,37
3962,48
3965,28,78
3968,38
3969,78,88
3973,8
3975,98
3976,18
3986,39
3987,89
3988,19
3990,29
3992,9
3994,29
3996,39
3997,89
3999,79
4000,29
4017,0
4019,80
4022,80
4023,10,20,60
4024,10
4025,30,80
4026,10,30,80
4028,59
4033,1
4038,51
4043,1,31
4045,81
4046,81
4047,41
4048,71
4056,63
4066,22
4067,72
4069,2
4071,22,42
4072,62,92
4078,2
4091,63
4093,43
4097,33,43,53,63
4099,3,53
4101,63
4102,43
4103,23
4105,53
4108,94
4110,64
4112,54
4113,14
4122,14
4123,64
4127,74
4128,64
4129,24
4134,35
4135,65
4136,84
4140,15
4144,75
4147,35,65
4149,65
4151,45
4163,96
4165,46,86
4166,76
4169,36
4174,56
4186,57
4192,37
4194,27,87
4199,37
4204,87
4208,58
4214,38
4216,98
4217,98
4218,58
4219,38
4220,18
4222,68
4223,38
4224,88
4241,49
4245,99
4246,9
4247,9
4249,49
4250,49
4260,50
4263,20
4264,60
4266,50
4267,50,80
4269,0
4270,10
4274,40
4278,30
4289,21
4295,21
4300,21
4301,11
4302,61
4308,71
4312,22,52
4317,82
4318,42
4321,22
4322,22
4324,45
4325,22,42
4326,42
4333,3
4334,93
4342,93
4345,63,83
4348,33
4349,83
4350,73
4351,23,63
4363,94
4365,57
4368,94
4370,34
4374,84
4377,54
4387,65
4389,65
4392,18
4410,26
4419,96
4420,46
4425,16
4429,16
4434,57
4438,67,96
4445,7,57
4447,67
4449,57
4452,47
4466,48
4468,68
4472,18
4475,98
4476,38,88
4479,68
4494,79
4496,39
4497,19,49
4499,9,59
4500,9
4503,39
4510,60
4512,40
4518,10
4521,0
4523,40
4524,60
4527,40,60,80
4529,0
4530,40
4534,30
4538,70
4539,50
4540,60
4541,40,70,90
4544,20
4546,30
4547,80
4548,70
4564,71
4571,31
4574,21
4577,51,81
4578,81
4582,61
4584,51
4585,11,61
4586,11
4588,1,53
4590,81
4593,31
4594,1
4595,41
4598,21,71
4599,1,61
4600,11,41,91
4601,51
4607,4,51
4617,72
4619,52
4621,52,92
4623,82
4627,2
4630,2,92
4632,2
4635,52
4636,12,22,52
4639,62
4642,42,82
4645,82
4646,2,12
4648,72
4650,12
4651,32
4652,62
4653,2
4664,13
4665,73
4669,3
4670,33,43
4675,3
4676,53,63
4678,3
4680,83
4681,63
4682,3
4683,33
4685,83
4686,3,63
4687,23,43
4689,63
4692,43
4693,63,93
4697,43
4698,13
4715,64
4718,14
4719,74
4724,24
4727,94
4728,4
4729,4,84
4732,74
4733,94
4735,34
4736,4,34,44,64,74
4737,14
4740,44
4741,4,94
4743,4
4744,74
4746,34
4747,54
4748,24
4750,84
4751,4,34
4753,75
4757,51
4764,85
4768,35
4773,25
4777,85
4779,85
4780,95
4781,75,85
4782,5,15
4783,55
4785,85
4786,15
4787,25
4789,75
4791,15,25
4792,15,35
4794,55
4795,5
4796,5
4797,85
4798,5,45
4799,75
4801,25
4802,5,25
4815,6
4821,16
4824,36
4826,16,36
4829,66
4831,36
4833,26
4835,46,56,76,96
4837,96
4838,6
4839,76
4840,66
4841,6,86
4842,6,76,86
4843,46
4844,96
4845,6
4847,26,76
4848,76
4849,46
4851,56
4855,77
4867,59,97
4871,27,47
4878,87
4879,17
4881,27,57
4884,37,77
4885,77
4887,97
4888,57,97
4889,17,97
4890,67,87
4891,77
4893,17
4894,17
4895,27
4896,77
4897,27,47
4899,87
4904,8
4910,68
4912,8
4914,48
4916,8
4921,71
4929,28,48
4930,28,78,98
4931,38,78,88
4934,98
4935,28
4936,98
4938,8
4939,88
4941,98
4942,38,58
4943,78
4948,58,98
4949,58,78
4958,43
4967,29
4969,19
4971,9
4975,9
4976,19,29,49
4978,9
4979,19
4983,29
4984,79
4987,9
4989,9
4991,39,49
4994,89
4995,39,69
4996,79
4997,9,19
4999,29
5000,49
5001,9,39,49
5005,89
5006,9
5007,39
5014,19
5017,19,89
5018,9
5020,9
5022,9
5023,39
5024,60
5025,9,40
5027,49
5032,39
5033,50
5034,60
5036,90
5037,29,90
5038,80
5039,60
5040,49,80
5044,50
5047,80
5048,10
5049,50
5050,40
5051,40
5052,10,39
5053,10
5054,80,90
5055,50
5057,50
5062,40
5063,0
5067,40,50
5068,60
5070,50
5072,0
5073,40
5074,0,60
5077,0
5078,40
5080,40
5091,0
5099,0
5100,40
5105,0
5108,81
5114,81
5116,0,40
5120,70
5123,0
5127,30
5128,0,30
5130,70
5132,70
5133,0
5135,40
5137,81
5139,0
5141,40,71
5147,81
5148,30
5150,1
5151,30
5154,20,71,81
5158,30
5159,1
5160,81
5163,61,81
5167,11,40
5168,21,30,71
5170,41,61
5172,71
5174,1,61
5175,1,81
5176,41
5177,91
5178,30
5179,21
5180,41
5185,21,81,91
5188,21
5190,11
5192,81
5194,21
5195,1
5196,51,81
5197,21
5200,71
5201,31,41
5202,31
5203,31
5204,1
5205,31,71,91
5209,41
5210,41
5211,51
5213,82
5217,1,11
5218,71
5219,1,71
5220,91
5221,11
5222,1
5225,1,92
5227,22
5230,51
5231,22,41,51
5232,82
5235,22,31
5236,11,22,92
5237,41,61
5238,11,52
5241,82,92
5242,11,41
5243,82
5244,41
5245,1,61
5246,1,11,22
5247,11
5250,22
5252,82
5253,11,22
5256,52
5258,42,52,92
5259,52
5260,42,62
5261,82
5262,11
5263,42
5265,72
5266,12,62
5271,12
5272,52
5273,52,72
5274,12,22
5275,22,92
5276,22,42,62,82
5280,92
5282,2,22
5283,92
5284,32
5286,82
5288,22,42,82
5289,52
5291,52,82
5293,22,42
5294,22
5295,22,32,42,62
5296,52
5298,42,82
5300,92
5301,72
5302,82
5303,72,82
5304,2,12
5305,12,92
5307,62
5308,22,32
5309,2,52
5310,52,93
5312,22,32,42
5313,72
5316,12,42,82
5317,93
5318,12
5321,52
5322,12,32,93
5324,2,42
5325,22,93
5326,2,32
5329,32
5331,12,63,73,93
5333,12,22,52
5334,32
5335,2,12
5337,2,83,93
5339,2
5340,2
5341,2
5342,93
5343,52,83
5344,52
5345,42
5348,73,93
5351,22,42
5354,93
5355,2
5358,42
5361,73
5362,12,73
5363,22,93
5364,12
5365,12,93
5366,12,83
5367,42
5368,32,52
5370,22
5371,12
5372,22,52
5374,73,83
5375,42,52
5377,73
5378,42,83
5380,22,42
5381,12,63,93
5382,73
5384,3
5388,63
5390,22
5391,3,22,43
5394,73
5395,12
5396,12,22
5398,42,43,83
5404,32
5406,3,13
5407,83
5411,33
5412,63
5413,63,93
5414,23,33
5415,13
5418,63
5421,33
5422,13,43,83
5423,13
5424,3
5425,23,83
5426,13,43,63
5427,13,33,83
5431,93
5432,23,33
5434,3
5439,33
5440,3,93
5441,73
5445,13,73
5446,63
5447,3,33,73
5448,43
5449,23
5451,63
5452,33
5453,3,43
5454,23
5455,13
5456,3,83,94
5459,23
5460,3,43
5461,83
5462,13,94
5465,3,23
5466,43
5467,43
5468,3,23
5469,23,63
5471,23
5472,83
5474,83
5475,83
5476,33,94
5478,54
5480,14
5481,3,23,83,94
5483,14
5484,33
5485,3
5488,14,84
5489,3,54,64
5491,14,84
5496,23,54,84,94
5497,3,94
5499,84
5500,43
5501,43
5502,3,54,74,84
5504,34,74
5505,84
5506,14,54
5507,3,94
5508,24,54
5510,3
5514,84
5516,64
5517,4,84
5520,94
5522,24,34
5525,34,54,94
5526,84
5528,34,94
5529,74
5532,4
5534,4
5535,54,84
5537,84
5539,64
5541,84
5542,24
5544,34,64
5546,84
5547,34,84,94
5548,14
5549,54,84
5550,54
5551,44
5554,24,64
5556,4,54
5557,74
5558,34
5559,64
5561,14,54,94
5562,44
5563,24
5564,54
5565,14,44,54,84,94
5567,24
5570,94
5571,14,64
5573,34
5575,14
5576,14
5579,44
5583,4,95
5585,44,54
5586,4,54,65
5587,34
5590,14
5592,4
5593,4
5594,4
5596,14
5598,34
5599,14,75
5602,4,95
5603,65
5606,75
5607,85
5608,24,95
5609,14,95
5610,54
5611,24,45
5612,85,95
5613,85
5614,4,85,95
5615,85
5616,65
5617,14
5619,14,34
5621,54,85
5622,24,75,85
5623,45
5624,14,34
5625,34
5628,14,65,75
5632,25,45
5635,25
5638,34,55
5639,65
5640,4
5641,55
5642,25,45
5644,95
5645,95
5646,4,75,95
5648,65,85
5649,35
5651,85
5655,85
5656,55,65,85
5657,65
5658,45
5664,85
5665,25
5666,45,95
5667,95
5669,5,85
5670,5,55
5673,85
5677,85
5679,35,45
5680,5
5681,35,55,85
5682,55,95
5683,35
5687,45
5690,5,25,35
5693,15,45
5696,75
5698,15
5699,15
5700,35
5701,5
5703,85
5704,15,75
5705,45
5707,25,85
5708,45,66
5710,15,25
5711,35
5712,45,75
5713,5,25,55
5714,25,75
5717,66
5718,35,45,96
5720,5
5721,16,45
5722,35
5723,25,45
5726,5,15,16,96
5728,45
5730,45,86
5731,66
5732,45,66
5735,5,25
5738,45
5739,96
5740,5,36,96
5742,25
5743,55
5744,5,45
5745,66
5746,45,96
5749,45
5750,16,55,86
5751,5
5753,25,66,76,96
5754,86
5755,36
5756,76
5757,16,55,96
5758,56
5759,25,96
5760,76,86
5763,45
5764,45,76
5765,25
5766,16
5768,6,96
5769,36,96
5770,16
5771,76
5773,6,46,96
5775,76
5778,46
5779,46
5780,36
5781,16
5782,86
5783,46
5785,66
5786,86
5787,36,96
5788,56
5791,76
5792,96
5793,6,96
5794,6
5796,66
5797,6
5801,16,36
5802,76
5803,36
5805,16,66,76
5807,16,36,66
5808,26,56
5810,76
5811,76
5812,86
5813,6,26
5815,6,46
5819,66,86
5821,37
5822,56,86
5826,26
5827,76
5830,96
5832,86
5834,56
5835,46
5836,97
5839,87
5844,76
5845,87
5847,46,87
5848,46
5850,97
5851,97
5853,46
5854,87
5856,46
5857,87
5858,46
5859,97
5860,46
5861,97
5862,76
5864,7
5865,76
5866,7,56,76
5867,56,97
5868,7,67
5869,76
5871,7,56,76
5872,26
5873,46,87
5874,7
5875,57
5876,57,77
5877,37,46
5878,27
5881,47
5883,87
5884,37
5885,27,77
5886,67
5887,7,87
5888,37,97
5889,7,97
5890,37
5891,57,97
5892,17,27,77
5893,7,97
5894,57
5896,97
5898,17,47,57
5899,67
5900,17
5902,17,47
5904,87
5905,67,97
5906,27,37
5907,17
5909,37
5910,7,37
5911,7
5913,97
5914,47
5915,7
5916,57,77
5920,17
5921,77
5922,27,37
5924,27,87
5928,7,27,37,68
5929,57,97
5930,87
5932,68,87
5933,47
5934,68
5935,37,97
5937,8,37,57
5938,37
5940,57,87
5941,17
5942,97
5944,97
5945,57
5946,17,37
5947,68,77
5948,57
5949,8,17,68,77
5951,17,37
5952,8
5953,77,87
5954,87
5957,27,87,97
5959,87
5960,8,68
5961,17
5963,57
5964,68
5965,57
5968,38,57,68
5969,68
5971,17,68
5972,98
5973,77
5974,8
5975,27,57
5977,88
5978,77
5980,68,77
5981,8,57
5983,77
5986,38
5987,48,57,88
5988,17
5989,77
5990,38,68
5991,57
5992,68
5995,38
5996,38
5999,8
6000,98
6002,68
6003,48,68
6004,8,18,88
6005,38
6006,38
6008,8
6009,28
6010,18,78,98
6017,38,68
6018,28,68
6019,48
6020,8
6021,28
6022,38,88
6023,88
6026,78
6027,48
6028,78
6029,18,48
6030,58
6032,8,88
6034,48
6035,28
6036,38,48
6037,18,68
6039,58
6043,18
6046,28,38
6048,38,88
6049,98
6050,88
6053,48
6054,18,68
6056,58,68,88
6060,28
6061,8
6063,68
6066,18,38
6069,49
6070,38
6073,28,98
6076,38,88
6077,8,58
6078,78
6079,38
6080,69
6082,78
6085,19,29
6088,78
6089,49,78
6091,89
6092,9
6093,78
6095,9,39,58
6096,19
6097,58
6099,69
6101,49,98
6102,58
6104,19
6105,29
6106,49
6108,49,98
6113,9,98
6114,9
6116,69
6117,69
6118,29,58,89
6121,49
6122,29,69
6124,39,89
6125,39,69,89
6126,29
6127,9,29
6128,89
6129,89
6130,49
6131,9
6132,58
6136,39
6138,69,79
6140,79,89
6141,9,58
6142,19
6143,19
6144,39,99
6145,79
6146,29
6147,9,59
6149,69,99
6150,9
6153,49,79
6154,29
6155,79,89
6156,19
6158,59
6160,79
6161,9,19
6162,19
6163,69
6168,9,29
6169,90
6173,19,60
6174,49
6177,49,80
6179,39
6180,50,79
6182,19,29,39,80
6183,19
6185,39,50
6186,60
6190,19,50,80
6191,9,40
6194,19
6195,80
6205,60
6213,60
6216,50
6217,60
6218,40,80
6219,40
6220,60
6222,80
6226,80
6227,40
6228,0
6229,0
6232,50
6233,40
6242,50
6245,50
6248,60
6249,0,60
6250,80
6251,80
6254,40
6256,50
6257,0
6261,80
6263,40
6266,60
6268,70
6272,40
6274,50
6277,81
6281,0,40
6283,81
6284,81
6289,40
6291,0
6294,81
6296,30
6300,40,81
6304,0
6311,30
6313,81
6314,30,71
6317,71
6318,1
6320,1,11
6322,11
6324,71,81
6325,41
6326,11,41
6327,21
6328,11,40
6329,81
6332,81
6333,1,11
6334,11,30
6335,41,81
6336,21,81
6337,71
6339,1,61
6340,61
6342,11
6343,51
6344,81
6345,51
6347,91
6349,61
6351,91
6355,1,11
6356,61
6358,21
6359,91
6360,1
6361,11,41,91
6364,21,61
6365,61,91
6366,1,31
6368,1,71
6369,1
6371,21
6374,41
6376,61
6377,41,92
6378,61
6379,22,72,91
6382,22
6383,51,72
6384,31,82
6385,51,61,82
6386,61,82
6387,22
6388,11,61
6389,1
6391,72
6392,11,51
6395,82,92
6396,41,62
6397,92
6400,1,22,72
6401,22,82
6403,22,52
6404,1,82
6406,72
6407,62
6408,72,82
6411,22
6412,22
6413,11
6414,52,82,92
6415,11
6416,82
6417,22,52
6419,2
6420,82
6421,42,92
6422,22
6423,22
6424,12,92
6425,22
6426,92
6427,82
6429,92
6430,72
6432,82
6434,72
6437,12
6438,2,22,52,62
6439,2,32,92
6441,72
6442,72,92
6443,62
6445,32
6446,22,92
6447,22
6448,32
6455,52,72
6457,93
6459,63
6460,72
6461,82
6463,72
6464,12,22,52,93
6465,82
6466,52
6467,22
6468,32
6471,63,93
6473,32
6475,52
6477,93
6478,42,83
6479,32
6480,22
6482,52
6483,32
6484,22,42
6485,2,12
6488,2,52
6490,12
6491,63
6492,83
6493,2
6495,52
6496,42,93
6499,83
6500,2,52,83
6501,12
6503,32
6504,52
6505,2,22,83
6507,12,63
6509,52,93
6511,32
6512,12
6513,2
6516,73
6517,12,22
6518,22,63
6519,42
6520,22,52,83
6521,93
6522,22
6523,22
6525,32
6526,42
6528,63
6529,12
6532,43,63
6533,2
6537,43,93
6538,2
6540,12,43
6541,83,93
6543,12,93
6545,32
6548,63
6550,3,73
6552,93
6556,13,43
6557,3,13,63
6559,13,73,83
6562,73
6565,13,23,63
6566,43
6567,3,83
6568,63,93
6569,13
6570,3
6571,83
6572,3,23,33
6573,73
6576,33,43
6577,3,23,63,93
6578,73
6579,63,93
6581,83,93
6582,13,43,83
6584,3,33,63
6585,13,33
6586,43,83
6588,93
6591,43
6592,73
6595,63
6599,13
6600,94
6602,83
6604,13,43
6606,83
6608,3
6609,23,33
6610,23
6611,3,23,33,83
6613,43
6615,3
6617,74
6619,83
6620,43,94
6621,64
6622,94
6624,64
6627,3
6629,54
6630,14
6631,64,84
6632,64
6634,64,74
6636,14
6637,23
6638,94
6639,84,94
6640,14,23
6641,14
6642,14
6645,23,74,84
6647,74
6648,34,54
6649,74
6650,14,43
6652,94
6655,34
6656,14,94
6657,64
6658,84
6661,94
6662,34
6664,84
6665,84,94
6667,54,84
6668,84
6669,4
6670,34
6671,24
6672,4,14
6673,64
6674,54,94
6676,14,94
6677,4,54,84,94
6678,34
6679,34,84
6681,24
6682,94
6683,34
6684,14,44
6685,14
6687,44
6689,54
6691,74
6692,44
6693,44,74,94
6696,64
6697,74
6698,24,74
6699,14
6701,34,74,94
6703,34
6705,54,84
6708,24,64,74
6709,54
6711,24,34
6715,24,84
6716,14
6718,65
6719,14
6722,54,95
6723,24
6725,14
6726,4,14,65
6727,34
6729,4,34
6730,24,74
6732,54
6734,14
6737,75
6738,45
6739,14,34
6740,14,75
6741,14,85
6743,4,95
6747,34
6751,95
6752,4,14,95
6755,95
6756,95
6757,95
6758,45,95
6759,14,65,95
6760,24,45
6762,25
6764,25,45,55,75
6765,14
6768,45
6769,25,34
6771,55
6772,4,14,45
6774,34
6775,85,95
6778,34
6780,55,85
6781,25,55
6785,55,75
6788,65
6790,35,75
6791,75,85
6793,55
6794,45,95
6795,4
6796,45,75
6798,55
6799,65
6801,25,35,75
6804,65
6805,25,65
6806,55
6807,35
6809,25
6812,85
6813,95
6814,95
6817,5,35
6818,85
6819,25
6820,55
6822,55,75,85
6824,45
6825,15
6826,5,55,96
6827,45,85
6829,45,55
6830,15
6831,5
6833,5
6834,25
6842,15,25,45,85,96
6843,35,96
6844,35
6846,35
6847,96
6848,45
6849,16
6850,85
6851,16
6852,25,86
6854,86
6856,16,76
6857,86
6859,25,55
6860,76
6861,55
6862,66
6864,36,86
6867,86
6868,36,45,55
6870,96
6871,76
6874,25
6875,76
6877,16,86
6878,66
6879,25,86
6880,66
6881,5
6882,66,76
6884,96
6885,96
6886,56,96
6888,36
6889,16,25,86
6890,6,25,56
6891,36,66
6892,45,56
6893,6,36,86
6895,36
6896,6
6897,6,25
6899,6
6900,16,25,46
6901,46,56
6902,46,86
6903,56
6905,66
6906,56
6908,66
6912,76
6913,6,76
6914,76
6915,86,96
6917,96
6918,46,76
6919,36
6920,96
6921,66
6922,6
6923,76
6926,96
6927,36
6928,46
6929,26,56,96
6930,36
6931,46
6932,36
6934,46
6935,16
6936,96
6937,37,56,66
6940,37,56
6941,26,37
6942,37,86
6943,6,76
6944,37,46
6945,26
6946,26,37,56
6948,46,87
6950,56
6951,97
6953,37,87
6954,46
6955,56,87
6956,26,67
6959,67
6960,37
6962,37
6963,97
6964,37,46,76,87
6966,56
6967,37,87
6968,6,56,76
6970,26,76
6971,56
6972,37,67,76
6973,7,26
6975,17
6979,47
6982,27
6986,7
6987,7
6989,7,37
6990,67,87
6991,7,27,97
6992,37,77
6993,67
6994,57
6996,57,67
6998,7,17,37
6999,7,17
7001,87
7003,77,87
7004,7
7007,17
7008,17,27
7009,87
7010,17,87
7011,47
7013,37,97
7015,7,97
7016,17,67,87
7017,7
7018,57
7024,67
7026,77,87
7027,87
7028,47
7030,87
7031,97
7032,97
7033,57,87
7035,47,97
7037,47,77
7038,87
7039,77,97
7041,97
7042,37
7044,97
7046,37,57,87
7047,57
7049,68
7050,7,57
7051,47,68
7052,97
7053,87,97
7054,77
7055,17
7056,17
7058,8,68
7059,38
7060,77
7062,77
7066,57
7067,57,87
7069,38,77
7071,47,77
7072,77
7074,8
7075,47
7076,38,48
7079,47
7080,17,68,77
7081,38,57
7082,8,98
7085,98
7087,57
7088,48,68
7090,48,98
7091,57
7093,38
7094,8
7096,8,28
7097,68,98
7098,88
7099,88
7100,17
7101,68
7102,88
7103,58,98
7104,38,58,68
7105,17
7106,28,58,88
7107,48
7108,8
7111,58,68
7112,18
7113,48
7114,78
7116,68
7120,68
7121,78
7122,48
7124,58,78
7125,8,68
7127,18
7129,48,98
7131,58
7132,68,88
7134,28
7136,28
7137,8,28,58,68
7138,58
7139,8,78
7141,28
7143,18,38
7145,88
7146,48
7147,8,78
7148,38,88,98
7149,28
7150,98
7151,88
7153,28
7156,8,18,48
7158,68,98
7161,8,48,88
7162,78,98
7163,58
7164,28
7165,98
7166,19
7167,69
7168,19
7169,19,38,48,69,98
7171,19,69,78
7173,19
7174,9
7176,29,49,58,69
7177,58
7178,38
7179,49,58
7181,49,78
7183,29
7185,78
7187,49
7189,19,58
7190,29
7193,69
7196,49,78
7198,19
7200,98
7201,19
7202,19,69
7205,19,58
7206,9,19,99
7207,79
7208,99
7209,79
7210,89
7211,49,99
7212,19,49
7213,29
7216,79,99
7217,99
7218,9,19,29
7219,9,29,69,89
7220,49
7222,69
7224,49
7225,39
7227,58
7228,19,39,69
7229,89
7230,29
7233,79
7234,39
7236,29,69,89
7237,29,39,49
7238,9,99
7239,39
7240,69
7241,79
7242,69,99
7243,39,49
7244,9,79
7246,69
7249,39
7250,39
7251,19
7257,39,49,89
7258,50,60
7262,80
7263,19,29,39,79
7264,60
7265,90
7270,39
7272,80
7273,0,80
7274,50,60,80
7276,40,50
7280,90
7281,60
7282,40
7283,50
7285,50
7286,0
7289,0
7296,0,40,60
7299,50,80
7300,0,60
7304,0
7305,80
7306,80
7308,40
7309,0
7310,40
7312,0
7313,60
7316,0
7326,40
7327,40
7328,40
7330,0
7339,40
7344,40
7346,40
7351,0
7354,0,40
7357,40
7364,0
7365,70
7370,40
7374,80
7380,80
7381,40,81
7382,30,40
7386,70
7388,81
7390,81
7391,30
7392,20
7393,0
7394,81
7395,70
7399,1
7401,30
7402,30
7403,81
7405,90
7406,30
7411,21
7412,1
7415,91
7417,81
7418,81
7419,30,61,81
7420,41,81
7421,30
7424,11,81
7427,21
7428,11
7429,21,51
7430,1,11,81
7434,31,41
7438,11
7440,1
7442,11
7444,1
7445,61
7448,41,91
7449,1,31,61
7453,1,21
7454,61,81
7455,31,51,61,71
7456,1
7457,41,51
7460,11,21,81
7463,11
7464,11,31
7466,1,82
7467,11,31,71
7468,71
7469,11,31,61,71,91
7470,51
7471,51,82
7472,61,91
7473,51
7475,21,61
7477,11
7478,82
7482,11
7483,82
7484,1,41
7485,51,82
7486,1
7487,41,82
7488,51
7489,92
7490,1
7491,22
7492,1
7494,92
7495,1,82
7496,31
7497,1,82
7498,22,41,82
7499,92
7500,22,31,62
7501,11,72
7505,22,31,62
7506,42,52,82
7510,22,72
7511,42,52
7512,62
7516,22
7517,52
7518,22
7520,22
7521,72
7523,1,11,22,52
7524,92
7525,42
7527,12
7528,12,22
7529,52,62
7530,52,62,82
7531,62
7534,2,82
7535,12
7536,12
7537,2
7539,82
7540,92
7543,62
7544,92
7546,62
7547,2,22,82
7549,62
7550,62
7551,82,92
7552,12,52
7553,22,42
7555,2,92
7556,62
7558,32
7559,63
7561,82
7562,42
7563,32
7564,32
7565,82
7566,93
7568,2
7569,52
7571,63,72
7572,12
7573,42
7574,2,12,22
7575,2
7580,32,42
7581,42
7582,72,93
7583,2
7585,2
7589,2
7593,83
7594,73
7595,32
7596,73
7598,12,52
7599,12,63
7602,2
7603,22
7604,73
7606,2,52
7609,2,32
7610,52
7614,63
7615,12,73
7617,73,93
7618,12
7621,83
7623,63
7624,32,42
7625,52
7626,2,73,93
7627,22,43
7628,12,22
7630,2,22
7631,22,32,83,93
7632,83
7633,22,73
7634,12
7635,52
7637,83
7638,2
7639,12
7640,63,83
7645,3,33,63
7646,63
7649,83
7650,32
7651,43
7652,33
7653,13,73
7654,3
7658,73
7660,93
7661,83
7662,23
7664,3,13
7665,13,93
7667,83
7669,23
7671,83
7673,73
7674,13,23
7675,13
7676,23
7677,33
7678,23
7679,23,73,83,93
7681,3
7683,13,93
7684,13,63,73,93
7685,23,73
7687,93
7688,23
7689,3,93
7690,83
7693,3
7694,63
7695,3,13
7701,33
7703,33
7704,23
7705,43,83,94
7707,3,94
7710,23,63
7712,3,23
7713,13,63
7714,54
7716,13,54
7717,23,63,83
7718,23
7719,23,54
7720,23,63,83,94
7721,33,54
7722,23,74
7723,23,63,74
7724,54
7726,3,14,33
7727,54
7728,3
7730,3,54
7731,74
7732,3
7733,84
7735,23
7736,23
7739,64,94
7740,84
7741,94
7742,3,54
7743,34
7746,34,43
7747,84
7748,3
7749,34,84
7752,4,94
7753,74
7755,24,34
7756,34
7757,43
7758,64
7759,74
7760,43,94
7761,43
7764,64
7767,54
7771,54,94
7772,54
7774,34,64
7777,74,94
7778,4
7779,4,34
7780,34
7781,44,64
7782,54,84
7785,64,84,94
7787,44
7789,44
7792,24,74,94
7793,74
7795,64
7797,24,54
7798,84
7800,4,14
7801,24
7802,24,34
7803,54,64
7804,34
7807,94
7810,24,34
7811,34,44,94
7813,14,34
7814,54
7816,34,74
7817,54,94
7818,64
7819,4
7820,14
7821,74
7822,94
7824,54,74
7825,54
7826,24,74
7828,4
7829,74
7831,34,54,85
7832,74
7833,65
7834,34
7835,44,65
7836,65
7837,14,44,84
7838,65
7839,74
7842,14,34
7845,4,34,44,54,85
7846,65
7847,95
7848,4,54,75
7849,4,85
7850,24,85
7851,95
7852,24
7853,54,65,95
7855,34
7857,85
7860,34
7862,54,65
7864,4,14
7865,45
7866,54,65
7870,4,54
7871,65
7873,95
7874,95
7876,4,95
7878,65
7879,4
7880,25,85
7882,95
7883,25,34,65
7884,85
7885,34
7889,34,65
7891,35,45,85
7892,65,75
7893,4,95
7894,25,75,95
7895,45,85
7897,25,85
7898,75
7899,4,55,85
7903,4
7905,75,85
7906,4,95
7909,75,95
7910,95
7912,55,85
7913,35,55
7914,25
7915,55
7916,75
7917,25
7918,25,85
7923,5
7924,95
7925,5
7926,15
7929,15
7930,15,35
7932,75
7934,25,85
7935,25,35
7936,55
7939,75,85
7940,66
7941,5,25,85
7943,85
7945,15,25
7949,45
7950,96
7952,35,96
7955,25
7957,96
7959,5
7961,96
7962,25
7963,25,55
7964,85
7966,75
7968,55
7970,85
7971,75,85
7973,55,96
7974,96
7975,5
7976,35,45,75
7977,55
7979,25
7981,75
7982,55
7984,66,96
7985,45
7989,96
7990,66
7991,16,45,55
7994,86
7996,66
7997,25,55
8001,36,66
8002,16
8004,16
8005,86
8006,5,45
8007,5
8009,86
8010,96
8011,16,86
8012,16,25,86
8013,36,66,96
8014,36
8016,66
8017,5,56,76
8018,66
8019,76
8020,25,45
8021,86
8022,6
8023,66
8024,66
8025,16,46
8026,25,36
8027,76
8030,25
8031,6
8032,6,16,96
8033,6
8035,36
8036,86
8037,26,46
8038,46,86
8040,36
8041,56
8042,56
8043,56,96
8046,46
8048,56,76
8050,36
8052,36
8054,6,46
8055,46
8059,86,96
8063,26
8064,46,86
8065,6,26,56
8066,96
8067,16,36
8069,6
8071,66,96
8072,86
8077,26,56,86
8082,6
8083,6,96
8084,86
8087,46
8088,26
8090,26,46
8091,37,56
8092,67,97
8094,87
8096,76
8097,67
8100,87,97
8101,26
8104,26,56
8107,6
8110,97
8112,87
8116,46
8117,46,97
8123,37
8125,7
8126,26
8127,77
8129,37,97
8131,87
8132,56
8133,7
8134,77
8135,26,77,87
8136,97
8139,56
8140,26,46,56
8143,7
8144,46,47
8145,26,97
8146,7,57
8148,57,97
8151,7,47,77
8154,17,57,77,87
8155,47
8157,17,77
8161,97
8163,7
8165,77
8166,97
8167,17
8168,77
8169,57
8170,17,87
8171,67
8175,97
8177,57,87
8179,37,57,67
8180,57
8182,97
8183,97
8189,7
8190,7
8191,57,77,87
8192,17
8193,37
8194,17
8196,27
8197,27
8199,87
8200,27,47
8201,87
8202,27,37,68
8204,87
8205,57,77
8206,47
8209,37
8210,87
8212,97
8213,87
8214,8,17,27
8218,8,37
8220,97
8222,47,77
8223,87
8224,57
8225,17,57,68,77
8227,87
8228,8,77
8229,8
8230,87
8231,8,68,97
8232,38
8233,48
8236,48
8237,68
8238,48,98
8240,68
8241,27,47,68
8243,8,17
8245,17,68,77
8246,98
8247,68
8251,98
8253,68
8254,77
8255,28
8256,48,68,88
8257,68
8258,18,48
8260,38
8261,28,48
8263,58
8264,48,58
8265,8,38
8266,58,98
8267,98
8268,38
8270,98
8272,28,78
8273,28
8275,38
8276,28
8277,8,48
8280,68,78
8283,48
8284,8
8285,68
8286,98
8287,48
8288,58
8290,58,78
8291,28
8292,8
8293,48,78
8294,38,58
8295,58,88
8296,98
8299,88
8300,28
8301,48,58,98
8302,8,28,78,88
8303,18,88
8307,28
8308,8
8309,48
8311,78
8314,18,88
8315,58
8316,98
8317,28
8318,18,48
8319,28,98
8320,19
8324,19
8327,8
8329,69
8330,69
8332,49
8333,29
8334,29
8335,38,49,69
8337,78
8341,78
8342,49,78
8343,58
8344,58
8345,58
8347,9
8348,9
8349,69
8351,89
8352,39
8354,58
8355,78
8357,19,79
8361,39
8362,79
8363,29,39
8364,79,89
8365,29,58,89
8366,19
8368,19
8369,58,69
8371,29
8373,39
8375,58
8376,29,39,58
8377,19,29,39
8381,69
8382,39
8383,49,58
8384,9,29,58
8385,9,99
8387,19
8390,79,99
8391,99
8393,9
8394,9
8395,69,79
8399,89
8401,79
8402,79
8403,89
8404,79
8405,89
8407,39
8408,19
8410,49,69
8412,19
8413,39,79
8415,19
8416,89
8417,39
8419,29
8420,79
8421,69
8423,39,89
8424,79
8427,50
8428,60
8430,79
8431,19
8432,60
8433,9,29
8434,39,50,79
8435,50
8436,9,80
8437,9,29
8438,9
8440,40
8441,29
8442,39
8443,0,39
8444,0,60
8445,80
8446,39
8448,40
8449,90
8453,50
8454,0
8455,0
8456,0,50
8457,50
8458,50
8459,50
8461,50
8463,0,80
8464,50
8466,0
8469,80
8472,0,60
8473,60
8476,60
8478,60
8480,40
8483,40
8489,0
8490,0
8491,0
8495,40
8497,0
8498,0
8499,0
8506,0
8509,0
8514,0
8522,0
8525,40
8527,0
8528,40
8530,0,40
8531,30
8536,30
8541,40
8546,30
8547,40
8550,0
8552,70
8553,40
8554,70
8556,40
8558,30
8567,70
8570,0
8576,1
8580,30
8583,1,20,81
8591,71
8592,81
8595,1,40
8596,20,81
8597,20
8598,20,61,81
8599,81
8600,40
8602,1,61
8604,20
8607,40
8608,61
8609,30
8611,21,30,81
8614,81
8615,71
8622,41
8623,91
8624,11,41
8625,71
8626,1
8630,1,51,81
8632,41,81
8635,51
8638,21
8639,1,31
8642,71
8643,11,51,71
8644,11,81
8647,41
8648,21,71
8649,21
8650,41
8652,71,81
8653,71
8654,21,31,51
8658,41
8659,41,91
8660,51,71,82
8661,1,51
8663,1
8664,1,21
8665,11
8667,1,21,22
8668,71
8671,41
8672,1,72
8673,11,22,31
8674,22
8675,31,92
8676,31
8677,22,31,72
8678,92
8679,11,61
8681,22,52
8682,41,72
8683,62
8684,72
8685,1,11,31
8686,82
8687,52
8689,41,61
8693,42,72
8694,11,31,82
8695,11
8696,11
8697,1
8698,11,42,82
8699,42,62
8701,52
8702,11
8703,11
8704,22,92
8705,62
8707,2,92
8708,2,42,52,72
8710,42
8711,72
8714,22,72,82
8716,2,62,72,92
8717,72
8719,12
8720,2,22
8721,12
8722,42
8723,52,72
8724,2,62
8725,52
8728,2,22
8731,52
8733,92
8734,12,52
8735,92
8736,22
8740,12,22
8741,82
8742,2
8743,92
8745,32
8746,82,92
8747,62,72
8748,52,92
8752,22
8756,32,82
8759,32,72,82,93
8760,52,72,82
8761,2
8765,52
8766,32
8767,12,82
8768,63
8771,2
8772,2,82
8775,52
8776,42
8777,72
8779,72
8780,12,63,82
8781,22,52
8784,12,72,73
8785,12,22,73
8787,73
8790,63
8794,63
8796,63
8797,32
8798,12,63
8799,42,63
8800,22
8801,32
8804,32,73
8806,63
8808,93
8809,2,42,52,83
8810,2
8812,52
8813,2,73
8814,2,42
8815,63,93
8816,13,63
8817,2
8819,43
8820,22
8821,43,52,63
8822,2,63
8823,2,22,83
8826,83
8827,73
8828,2
8829,13
8830,2,13,93
8834,22,63
8836,93
8839,13
8840,33,83
8842,33
8843,63
8844,13
8848,13
8849,3
8851,63
8852,73
8853,93
8854,33
8857,33
8858,73
8859,13
8860,23
8861,83,93
8862,83,93
8863,63
8865,33,43,83
8867,63
8868,83
8870,3,13,63,83,93
8871,73
8873,3,63
8874,3
8875,43
8876,73,83
8879,73
8880,23
8883,33,43,93
8885,93
8886,3
8887,43,63
8891,94
8896,54
8897,63
8898,54,83,94
8900,54
8902,3
8903,3
8904,43,83
8905,54
8906,3,13
8907,23,54
8909,23,43
8911,23
8914,23,94
8918,84
8922,64
8923,43
8926,94
8928,94
8930,54,74
8931,54
8934,64
8937,3,14,64
8938,54,74
8939,84
8940,14
8941,4
8944,34,74
8945,54,74
8946,3,84,94
8947,34,54,64
8949,74
8951,54,64,84
8952,94
8953,34,43
8954,24,94
8955,84
8956,64,74,84,94
8957,43,84
8960,4,34,94
8964,54
8965,14,74
8967,14
8968,24
8970,84
8971,34
8972,24,94
8973,14,44,54
8974,24
8975,34,74
8976,14,74
8979,4,54,84
8980,84
8984,4
8985,4
8986,54
8987,64
8989,44,74,84
8990,4,74
8991,74
8992,14,54,94
8993,4
8994,44,54
8995,4
8996,74
8998,54
8999,34
9003,64,94
9004,34
9005,44
9008,34,65
9009,84
9010,54
9011,14
9012,74
9014,44
9015,14
9016,4
9017,74
9018,65,85
9019,34
9020,85
9021,54,85
9022,95
9025,24,85
9026,75
9027,75
9028,45,75
9032,24,65
9033,54
9037,14,24,34,45
9038,24
9039,24,75,85
9040,45
9041,34,95
9042,65
9043,14,45
9044,85
9045,34
9046,34
9049,55
9050,65,95
9051,34
9052,75
9054,55
9055,34
9056,45
9057,65
9059,34
9060,4,65,95
9061,55
9063,4,55
9064,55
9066,75
9067,75
9068,45,85
9069,35,55
9071,25,65,85
9072,95
9073,25
9076,5,55
9078,25,35
9079,75
9080,85
9081,95
9083,85,95
9084,55
9086,85,95
9089,45
9090,5
9092,55
9093,5
9094,35,65
9096,75
9097,5
9098,25
9101,5
9102,75
9103,85
9104,55
9105,15
9107,85,95
9108,15,75
9111,35
9113,15,45
9115,5,45
9117,85
9118,25
9119,5
9120,66
9121,35
9122,55
9124,25
9126,75
9127,35
9128,96
9129,45,55
9130,5
9132,85
9134,5
9135,35,55
9136,16,35
9137,5,55,66,85
9138,5,96
9140,5,36
9141,35
9142,5
9144,16,36
9145,35
9146,25
9147,36,76
9148,25
9149,25,45,96
9150,16,45
9151,5,36
9152,5,86
9154,96
9155,55
9156,16,45,96
9157,45,66
9158,36
9159,25,96
9160,36,76
9161,25,55
9162,16
9163,86
9164,36,66
9165,76
9166,86
9167,16
9169,86
9170,16
9172,6,36,45,86
9173,86
9174,76
9175,96
9176,45
9177,76,96
9178,36
9180,86
9181,86
9182,16,86
9183,66
9184,26
9185,26,86,96
9186,56
9187,66,76
9190,16,66,86
9191,46
9193,46,86,96
9194,6,16,46,86
9196,96
9197,16
9199,6
9202,6,26,36
9206,56,66
9208,56
9210,16,46
9211,6,86
9213,86
9215,6
9216,96
9217,46
9218,36
9219,56,96
9221,6
9222,56
9223,6,46
9224,16
9225,37
9226,76
9227,37
9228,67,86
9231,16,26,86
9232,96
9233,37,67
9234,16,86
9237,26
9239,16,46
9240,37
9241,97
9242,26
9243,67
9245,86
9246,6,87
9248,56
9249,87
9250,87
9251,46
9253,56
9254,76
9255,6,46,76
9257,46
9258,7
9259,7,46
9260,67
9263,37
9264,56
9265,56
9266,7
9267,26,57
9268,26
9269,7,76,97
9270,87
9271,46,67
9272,67
9273,97
9274,26
9275,7
9277,46
9278,47
9280,7
9281,67
9283,97
9284,7,27,37
9285,47,57
9288,7
9289,27
9290,7,37
9291,17
9292,7,87
9293,67
9295,77
9296,57
9297,87
9299,27
9300,37
9301,67
9303,87
9304,37
9305,17,37
9306,87
9309,77
9310,27,97
9312,37
9314,57,67,97
9315,87,97
9316,87,97
9317,77
9318,57
9320,57,97
9321,77
9322,47
9323,17,37
9328,7,17,37
9329,47,67
9330,97
9331,67
9333,17,77
9334,7
9335,77
9336,7,27
9337,47,68
9338,47
9342,7
9343,68
9344,7,17,47
9346,68
9347,8,87
9348,17,57,77
9349,68,77
9350,87
9351,8,68
9352,37,57,97
9353,27,87
9354,8
9355,68
9356,8
9358,47
9359,77
9361,97
9365,38,47
9366,87
9371,38,57
9372,68
9374,17
9376,38
9377,8
9378,88
9379,68
9380,68,88
9381,28,68,88
9382,88
9383,17,57
9384,8
9385,28,88
9386,98
9388,28
9389,57,77
9390,38
9391,48
9392,68,88
9395,98
9396,38
9398,58
9399,38,78
9400,58,98
9403,38,48
9404,18
9405,78
9406,68,88
9407,38,58,88
9408,48
9410,98
9411,88
9412,28,78
9413,18
9416,88
9417,28
9418,8
9420,68
9421,58
9422,8,28,58
9423,48,88
9424,48
9425,98
9427,58
9428,28,38
9429,48,98
9431,28
9432,48
9433,8,58,88
9434,38,88
9435,48,88
9436,48
9437,28
9438,8,58
9439,48,68,98
9441,48
9442,58
9443,68
9444,28,48,58
9445,8,78
9446,78
9447,8,28,88
9448,8
9449,28,88
9452,88
9454,9,49
9455,9
9456,29,69
9457,69
9458,9,19,98
9459,19
9460,58
9461,98
9463,89
9468,69
9469,19
9470,9,69
9471,69
9472,38,49,78
9474,29,69
9475,49,58
9476,89
9478,49,69
9480,19,89
9482,9,69
9484,69
9485,78
9486,19,69
9487,9,98
9489,9
9491,9
9493,19,49
9494,19
9496,98
9497,29
9498,69,79,99
9500,49,79
9501,29
9502,39,79,89
9503,19,79
9504,9
9505,58
9506,9,29,69,89
9508,9
9509,69
9511,39
9512,59
9514,19,29,89
9517,59,89
9518,29
9519,9
9520,39,89
9522,79
9523,69
9526,49,89
9528,29,79
9529,39
9530,39,59
9531,9,39
9533,69
9535,19,29,50
9536,79
9537,50,90
9538,29,79,90
9540,29
9542,50
9543,39,79
9544,19
9547,29
9548,50
9550,39,60
9552,50,90
9555,9
9557,19,29
9559,19
9560,39
9567,0,60,80
9568,50
9570,80
9572,0
9580,40
9581,40
9585,60
9588,50
9589,50
9593,40,50
9594,60
9598,0
9599,60
9601,40
9604,80
9606,60
9607,0,60
9609,0,50
9611,80
9614,60
9615,60,80
9616,80
9617,80
9623,50
9624,60
9630,40
9639,0
9640,0
9642,40
9656,40,81
9661,0,81
9665,81
9669,81
9670,30
9671,71
9672,0
9673,0
9674,30
9678,40
9679,81
9681,40
9683,81
9684,81
9685,50
9693,40
9696,41,71
9699,1,81
9700,11
9703,1,30
9710,11
9713,1,61
9718,21
9719,11
9721,11
9722,71
9727,1,61
9730,71
9732,1,81
9733,71
9734,1
9736,51,91
9737,1,51,61
9739,41
9741,81
9742,11
9748,41
9750,61
9751,71
9752,1
9753,91
9754,31
9756,11,21,51
9757,61
9758,22
9762,1
9766,31,41
9767,41,51,72
9768,21,22,82
9769,51
9771,41,61,92
9772,11
9775,61
9778,82
9779,72,92
9781,1
9784,1,22
9785,62
9786,82
9789,52,82
9790,62
9793,11,42,92
9794,11
9795,11
9797,22,92
9798,82
9800,11
9801,62
9802,82
9804,52,62
9805,82
9806,92
9808,62
9809,42
9810,12,22
9811,42,82
9814,22
9815,42
9817,42
9818,22,62
9820,2
9821,82
9824,72
9825,22,72
9827,22,82
9829,12
9830,82
9831,12,32
9832,72,92
9833,12
9834,62,82
9836,12
9837,62
9840,12,52
9841,72
9842,52
9843,82
9844,12,32
9845,42,72
9846,63
9847,12,32
9852,93
9854,63,83
9856,22
9857,32,93
9858,52,93
9859,42
9861,32
9862,93
9864,73
9866,42
9867,12
9868,32
9869,42
9871,32,63,83
9872,2,42
9873,12,42
9874,2
9876,83
9877,13
9878,2,52
9879,2
9881,73
9887,3
9889,52
9891,42
9894,63
9895,32
9897,83
9901,73
9902,22,32
9903,83
9904,13,32
9905,3,13
9907,3,32
9908,13
9911,32
9912,83
9913,43,63
9914,63,83
9915,73
9916,3
9917,73
9923,63
9924,23,43
9925,13
9927,13
9928,43
9930,33,43
9935,83
9936,13,83,93
9938,93
9939,13
9941,13,23
9942,3,33,63,83
9943,43,93
9944,33
9945,13,83
9946,83
9947,23
9948,43
9949,73
9950,33,43,73
9952,13
9953,13,83
9954,83
9955,13
9958,63
9959,43
9960,43
9962,94
9964,94
9965,23
9966,13
9967,63
9969,54
9970,13
9971,43
9972,13,23,83
9973,94
9974,43,54
9976,83
9977,23,83
9978,94
9984,43
9986,74
9987,33
9988,3,84
9989,43
9990,23
9991,23,74
9993,54
9995,84
9996,84
9997,24
9999,74
10000,43
